name,chains,category,total24h,total7d,total30d,change_1d,change_7d,change_1m
PancakeSwap AMM V3,"['Solana', 'BSC', 'Ethereum', 'Polygon zkEVM', 'ZKsync Era', 'Arbitrum', 'Linea', 'Base', 'opBNB']",Dexs,3011359290,15864091802.0,62478712931.0,20.12,47.9,53.42
Uniswap V3,"['Arbitrum', 'Base', 'Avalanche', 'World Chain', 'Ethereum', 'OP Mainnet', 'Polygon', 'ZKsync Era', 'Sei', 'Unichain', 'Taiko', 'Scroll', 'Rootstock', 'Filecoin', 'Boba', 'Mantle', 'Linea', 'Polygon zkEVM', 'Blast', 'Gnosis', 'BOB', 'Lisk', 'Corn', 'Goat', 'BSC', 'Hemi', 'XDC', 'LightLink', 'Lens', 'Telos', 'Celo', 'Nibiru']",Dexs,2441727296,13416495355.0,62887752824.0,31.7,36.03,-13.71
Uniswap V4,"['Ethereum', 'Unichain', 'OP Mainnet', 'Base', 'Arbitrum', 'Polygon', 'Blast', 'Zora', 'World Chain', 'Ink', 'Soneium', 'Avalanche', 'BSC']",Dexs,1344390630,7576608559.0,34133960202.0,20.55,49.13,-12.47
Orca DEX,"['Solana', 'Eclipse']",Dexs,1047495946,4458951319.0,19159360546.0,131.92,100.56,96.66
Hyperliquid Spot Orderbook,['Hyperliquid L1'],Dexs,986676209,7077352459.0,27417888910.0,42.8,38.19,165.01
Aerodrome Slipstream,['Base'],Dexs,922560863,4886778365.0,19756511124.0,51.75,37.46,-2.0
Raydium AMM,['Solana'],Dexs,686641480,4643671018.0,18776278250.0,16.43,0.99,-4.06
Fluid DEX,"['Ethereum', 'Arbitrum', 'Polygon', 'Base']",Dexs,660977207,4904389420.0,19476166610.0,-13.35,-2.78,-9.94
Meteora Dynamic Bonding Curve,['Solana'],Launchpad,624498975,3776000781.0,8843445135.0,4.78,39.4,3123.62
Meteora DLMM,['Solana'],Dexs,476122709,3062102556.0,13069385303.0,20.53,-5.46,37.09
Uniswap V2,"['Ethereum', 'Base', 'Arbitrum', 'Polygon', 'BSC', 'Unichain']",Dexs,465945927,3599632222.0,21369322697.0,19.24,3.04,-70.35
Aster Spot,['Off Chain'],Dexs,368596499,270963932.0,270963932.0,7961.95,,
HumidiFi,['Solana'],Dexs,336330399,6177623509.0,23068626453.0,-56.11,-58.12,-51.61
Joe V2.2,"['Avalanche', 'Arbitrum']",Dexs,314432298,1472038258.0,4791399607.0,43.37,-28.0,221.63
Pendle,"['Ethereum', 'Arbitrum', 'Mantle', 'BSC', 'OP Mainnet']",Yield,299873490,1794689573.0,5381468557.0,-11.28,40.65,61.77
PumpSwap,['Solana'],Dexs,281365707,3500333638.0,12202150314.0,-15.84,-62.0,6.19
PancakeSwap AMM,"['BSC', 'Ethereum', 'Polygon zkEVM', 'ZKsync Era', 'Arbitrum', 'Linea', 'Base', 'opBNB', 'Aptos']",Dexs,277052529,570448984.0,1691249595.0,109.83,637.68,916.9
Curve DEX,"['Ethereum', 'Arbitrum', 'OP Mainnet', 'Avalanche', 'Polygon', 'Base', 'Gnosis', 'Fraxtal', 'Sonic', 'Hyperliquid L1']",Dexs,270735926,1649545242.0,8093621553.0,24.87,16.47,-31.55
Blackhole CLMM,['Avalanche'],Dexs,251089378,1464712781.0,4951581182.0,5.89,14.31,38.16
Meteora DAMM V2,['Solana'],Dexs,245426298,1146707731.0,2510800744.0,-8.98,114.32,633.23
Cetus AMM,"['Aptos', 'Sui']",Dexs,209571304,1190146671.0,4553450144.0,8.39,35.84,31.0
Project X,['Hyperliquid L1'],Dexs,172290896,1074036869.0,4189479375.0,37.36,-5.85,151.4
Ekubo,"['Starknet', 'Ethereum']",Dexs,155735721,833833279.0,9263352892.0,43.92,5.67,-79.85
DefiTuna AMM,['Solana'],Dexs,145592861,765034038.0,2576446408.0,28.09,78.47,834.46
pump.fun,['Solana'],Launchpad,144348074,1055299989.0,3754708455.0,-20.8,7.05,7.97
Etherex CL,['Linea'],Dexs,143215357,965736963.0,3073439496.0,-5.96,-0.21,148.4
SolFi,['Solana'],Dexs,142013766,1713129218.0,5265968964.0,-8.43,-3.13,-0.79
Native Swap,"['BSC', 'Ethereum', 'Arbitrum', 'Base']",Dexs,131145194,1094840434.0,1978098395.0,-2.98,111.32,236.13
PancakeSwap Infinity,"['BSC', 'Base']",Dexs,123858214,660876170.0,1471436231.0,38.67,158.84,439.16
Bluefin Spot,['Sui'],Dexs,116903024,733468717.0,2560573692.0,-8.29,57.02,37.63
Hyperion,['Aptos'],Dexs,107193251,845395363.0,3212449649.0,-4.31,0.05,5.81
SUNSwap V3,['Tron'],Dexs,101731279,583897451.0,3323915912.0,29.81,46.68,-27.4
Maverick V2,"['Ethereum', 'Arbitrum', 'ZKsync Era', 'BSC', 'Base', 'Scroll']",Dexs,100667478,704564926.0,2049829697.0,4.22,41.27,25.72
Momentum,['Sui'],Dexs,90914338,591836948.0,2955415593.0,-18.84,20.59,37.25
Polymarket,['Polygon'],Prediction Market,73802553,356190588.0,1227861511.0,23.52,87.96,122.8
DeepBook V3,['Sui'],Dexs,71101626,303293604.0,1593598591.0,51.6,70.83,12.58
Camelot V3,"['Arbitrum', 'ApeChain', 'Gravity by Galxe', 'Rari', 'Reya Network', 'Gnosis', 'Sanko']",Dexs,69142392,323656604.0,1591914645.0,55.39,46.9,-13.02
SushiSwap,"['Ethereum', 'Polygon', 'Arbitrum', 'CORE', 'Blast', 'Katana', 'Fantom', 'Avalanche', 'Fuse', 'Harmony']",Dexs,67899939,617877090.0,1274602920.0,-24.05,-40.81,157.13
Pharaoh CL,['Avalanche'],Dexs,65769683,378449505.0,1386388478.0,4.35,-6.46,42.55
Joe V2.1,"['Avalanche', 'Arbitrum', 'BSC', 'Ethereum']",Dexs,63262142,357418715.0,1072227328.0,26.94,-11.22,351.74
DODO AMM,"['Arbitrum', 'BSC', 'Ethereum', 'Polygon', 'Avalanche', 'OP Mainnet', 'Base', 'Linea', 'Scroll']",Dexs,61857805,238106650.0,1440375444.0,93.2,60.83,-7.83
Balancer V3,"['Ethereum', 'Gnosis', 'Arbitrum', 'OP Mainnet', 'Avalanche', 'Base', 'Hyperliquid L1']",Dexs,60649005,473699744.0,1544609784.0,14.62,8.87,16.98
Kalshi,['Off Chain'],Prediction Market,58252816,641965747.0,1782689660.0,9.78,131.25,232.58
Velodrome V3,"['OP Mainnet', 'Mode', 'Lisk', 'Fraxtal', 'Ink', 'Soneium', 'Unichain', 'Swellchain']",Dexs,52851143,260851126.0,1359089173.0,55.65,67.21,-24.18
THENA INTEGRAL,['BSC'],Dexs,49986327,347073098.0,1052843706.0,-27.86,41.33,53.8
Lifinity V1,['Solana'],Dexs,49824828,342937156.0,1717127184.0,21.14,7.49,-17.11
Aerodrome V1,['Base'],Dexs,48778948,202945941.0,858644336.0,110.05,170.34,14.54
Upheaval V3,['Hyperliquid L1'],Dexs,46953249,175152417.0,249369516.0,141.14,238.9,837602.93
Mento,['Celo'],Algo-Stables,43227624,346942199.0,2318745040.0,6.26,213.37,-48.28
Quickswap Dex,"['Polygon', 'Base']",Dexs,40180990,221152966.0,867287526.0,-24.05,104.26,-17.54
Tessera V,['Solana'],Dexs,38988116,1080065055.0,5815427709.0,-77.03,-78.19,-86.42
stabble,['Solana'],Dexs,38220834,201245425.0,1585352638.0,7.53,38.06,-15.57
WOOFi Swap,"['Avalanche', 'BSC', 'Fantom', 'Polygon', 'Arbitrum', 'OP Mainnet', 'ZKsync Era', 'Polygon zkEVM', 'Linea', 'Base', 'Mantle', 'Sonic', 'Berachain', 'Hyperliquid L1', 'Solana']",Dexs,37842684,227894151.0,973774331.0,17.35,-15.16,-9.45
EulerSwap,"['Ethereum', 'Unichain', 'BSC']",Dexs,37175140,215792485.0,972574293.0,4.89,-32.45,41.65
Rhea Dex,['Near'],Dexs,33947672,212840456.0,812057404.0,17.86,13.94,-26.52
STEAMM,['Sui'],Dexs,32034753,123956850.0,688047159.0,65.2,112.48,61.04
ThalaSwap V2,['Aptos'],Dexs,32027145,222426170.0,1056820763.0,14.29,12.32,-27.39
Fluid DEX Lite,['Ethereum'],Dexs,31455076,190332788.0,508016059.0,8.88,61.74,252.06
Hybra V3,['Hyperliquid L1'],Dexs,31305183,209111724.0,691338398.0,37.94,2.27,41.58
Hashflow,"['Ethereum', 'Avalanche', 'BSC', 'Arbitrum', 'OP Mainnet', 'Polygon', 'Solana']",DEX Aggregator,30155072,150132575.0,491757412.0,15.11,16.81,171.04
SushiSwap V3,"['Arbitrum', 'Ethereum', 'Gnosis', 'Base', 'CORE', 'Blast', 'Rootstock', 'Bittorrent', 'Metis', 'Kava', 'Linea', 'Scroll', 'Sonic', 'Hemi', 'Katana', 'Arbitrum Nova', 'BSC', 'OP Mainnet', 'Polygon', 'Polygon zkEVM', 'ThunderCore', 'Fantom', 'Avalanche']",Dexs,29028304,154354222.0,659201249.0,24.51,41.79,11.86
HyperSwap V3,['Hyperliquid L1'],Dexs,28978383,616224559.0,3273617833.0,-68.32,-76.5,-80.11
Turbos,['Sui'],Dexs,28715237,159120736.0,642388369.0,19.19,52.56,15.64
PotatoSwap,['X Layer'],Dexs,27538341,217412802.0,380512508.0,-22.75,58.73,
0x,"['Ethereum', 'Polygon', 'BSC', 'OP Mainnet', 'Fantom', 'Celo', 'Avalanche', 'Arbitrum', 'Base']",DEX Aggregator,26009052,241227258.0,942540605.0,-24.69,12.9,-16.83
Balancer V2,"['Ethereum', 'Polygon', 'Arbitrum', 'Gnosis', 'Polygon zkEVM', 'Avalanche', 'Base', 'Mode', 'Fraxtal']",Dexs,24303616,207357189.0,851972335.0,8.42,49.38,2.58
Thorchain DEX,['Thorchain'],Dexs,23471498,175239132.0,1216265787.0,-57.94,-0.16,-37.58
Dexalot DEX,"['Dexalot', 'Avalanche', 'Arbitrum', 'Base']",Dexs,23349991,168960464.0,770353361.0,-25.57,-38.03,-47.62
Quickswap V3,"['Polygon', 'Polygon zkEVM', 'Manta', 'Immutable zkEVM', 'Soneium']",Dexs,22167072,102762164.0,461317429.0,65.31,113.41,-12.73
Meteora DAMM V1,['Solana'],Dexs,21479332,81815352.0,365393896.0,98.03,73.4,142.83
Shadow Exchange CLMM,['Sonic'],Dexs,21378477,117480247.0,603253198.0,50.16,10.97,-34.16
Merchant Moe Liquidity Book,['Mantle'],Dexs,19790849,136888344.0,491557036.0,17.23,-9.05,2.26
Tokenlon AMM,['Ethereum'],Dexs,19590040,200163544.0,683821566.0,15.54,-5.01,-23.56
Obric,['Solana'],Dexs,19330182,133571776.0,418704448.0,-11.84,66.58,-60.59
Sailor,['Sei'],Dexs,19197193,86524840.0,299097814.0,79.46,94.38,64.27
Meridian AMM,['Movement'],Dexs,19121044,121637803.0,407223045.0,15.88,-6.08,31.9
1DEX,['Vaulta'],Dexs,19073308,106092888.0,485933695.0,38.63,1.73,-1.3
Kittenswap Algebra,['Hyperliquid L1'],Dexs,19055248,104801001.0,486168755.0,116.43,-36.56,2014196.83
Dragon Swap V3 Sei,['Sei'],Dexs,18411178,105228182.0,424766344.0,30.3,47.8,37.24
NEAR Intents,['Near'],AI Agents,18145467,125175551.0,386333515.0,13.46,-2.95,190.42
Chainflip,['Chainflip'],Dexs,17380085,120315744.0,494229034.0,69.45,-11.2,46.45
Ondo Global Markets,['Ethereum'],RWA,16525215,105837517.0,235883820.0,12.8,-33.02,
PancakeSwap StableSwap,['BSC'],Dexs,16059231,48401966.0,71276562.0,-35.83,905.41,5360.24
ZeroFi,['Solana'],Dexs,12783712,433297358.0,3665442817.0,-72.67,-88.03,-94.89
SquadSwap WOW,['BSC'],Dexs,11864755,16324299.0,65920751.0,959.47,622.16,461.5
Saros DLMM,['Solana'],Dexs,11008296,57381832.0,244963346.0,40.9,60.96,20.25
Integral,"['Arbitrum', 'Ethereum']",Dexs,10624133,56062083.0,322447105.0,31.75,68.05,-43.54
FluxBeam,['Solana'],Dexs,10228992,72490250.0,409202690.0,-1.31,-8.33,-37.8
Pangolin V3,['Avalanche'],Dexs,10108678,58323302.0,185972643.0,29.68,17.21,54.88
Ramses CL,['Arbitrum'],Dexs,10073989,48280545.0,199051054.0,79.14,84.13,-10.98
THENA FUSION,['BSC'],Dexs,9880624,29474734.0,60520651.0,23.2,442.35,442.51
Hydration DEX,['Hydration'],Dexs,9785480,52277903.0,247574868.0,43.98,49.12,-51.67
SaucerSwap V2,['Hedera'],Dexs,9010817,52751133.0,258905377.0,-3.96,2.29,70.7
GoonFi,['Solana'],Dexs,8901914,295911240.0,2061586161.0,-68.03,-95.63,-88.69
Ring Swap,"['Ethereum', 'Blast']",Dexs,8542854,48500482.0,290169710.0,46.55,20.29,-44.41
Phoenix,['Solana'],Dexs,8204989,43367195.0,177468420.0,89.34,67.38,53.93
SparkDEX V3.1,['Flare'],Dexs,8185423,26252301.0,93453477.0,271.92,298.77,69.6
Kodiak V3,['Berachain'],Dexs,8090573,46522324.0,308006438.0,26.39,19.79,-28.67
Agni Finance,['Mantle'],Dexs,8062462,64403428.0,213736481.0,-0.33,-41.8,-26.18
Lynex V2,['Linea'],Dexs,8007462,60339133.0,232344125.0,-15.19,-59.85,21.33
Reservoir Tools CLMM,"['Abstract', 'Zero Network', 'Shape']",Dexs,7906018,40089297.0,162647337.0,57.19,197.58,6.65
GMX V2 AMM,"['Arbitrum', 'Avalanche', 'Botanix', 'Solana']",Dexs,7147256,41409325.0,205876061.0,109.0,10.86,-25.87
W-DEX,['Polygon'],Dexs,6736433,34374046.0,84322780.0,-20.66,386.16,137.21
PulseX V2,['PulseChain'],Dexs,6725245,61394577.0,293394807.0,4.59,16.46,-44.88
YeiSwap,['Sei'],Dexs,6656098,24637108.0,47983607.0,155.06,14471.46,62.72
TanX.fi,['Ethereum'],Dexs,6545545,45629742.0,203211658.0,-9.26,3.94,-10.7
SUNSwap V2,['Tron'],Dexs,6060409,60071367.0,182790481.0,1.25,-40.02,66.05
Osmosis DEX,['Osmosis'],Dexs,5991710,48432470.0,275286507.0,0.0,-15.39,-43.02
FlowX V3,['Sui'],Dexs,5762595,54370928.0,205620568.0,-39.81,6.76,-7.08
PulseX V1,['PulseChain'],Dexs,5698925,54668574.0,290535095.0,-2.46,7.21,-66.0
Blackhole AMM,['Avalanche'],Dexs,5684871,17588454.0,67212133.0,160.41,39.51,114.95
VVS Standard,['Cronos'],Dexs,5046623,34502184.0,371348757.0,-4.9,2.3,36.92
Reservoir Tools AMM,"['Ink', 'Zero Network', 'Shape', 'Abstract']",Dexs,4903367,14618974.0,63273722.0,184.26,145.36,110.03
Alien Base V2,['Base'],Dexs,4843332,20234091.0,71783234.0,7.13,66.86,9.63
Angstrom,['Ethereum'],Dexs,4795672,26873594.0,144436080.0,,101.35,-41.53
OkieSwap V3,['X Layer'],Dexs,4653632,44131532.0,54155092.0,-25.33,341.43,35932.77
Full Sail,['Sui'],Dexs,4645996,28299932.0,90387593.0,-18.44,5.72,280.41
four.meme,['BSC'],Launchpad,4356040,20317878.0,81937511.0,63.83,-17.8,435.14
Katana DEX V3,['Ronin'],Dexs,3968173,28769349.0,105237484.0,111.68,-41.96,-48.57
Omni Exchange V3,"['Base', 'Arbitrum', 'OP Mainnet', 'Avalanche', 'Sonic', 'BSC']",Dexs,3920954,31023337.0,230309336.0,-39.96,-12.17,513.47
Arena DEX,['Avalanche'],Dexs,3906469,9968206.0,20887986.0,68.21,515.25,1207.79
Magma,['Sui'],Dexs,3498118,39609107.0,129556937.0,-65.72,85.66,-24.83
Etherex Legacy,['Linea'],Dexs,3477104,32372373.0,135413782.0,57.41,-60.48,50.21
XRPL DEX,['XRPL'],Dexs,3459512,29045853.0,146407289.0,-23.54,-3.31,-4.54
Enosys AMM V3,['Flare'],Dexs,3298410,10308078.0,28370714.0,289.12,567.14,612.18
Tapp Exchange,['Aptos'],Dexs,3150413,25250541.0,117017158.0,6.61,26.33,-44.72
Byreal,['Solana'],Dexs,3018237,79448959.0,234692385.0,-89.28,-33.57,88.41
Solidly V3,"['Ethereum', 'Sonic', 'OP Mainnet', 'Arbitrum', 'Fantom', 'Base']",Dexs,2969586,12756933.0,61782113.0,-3.65,52.28,-2.42
Sanctum Reserve,['Solana'],Yield,2857467,13309846.0,29476884.0,-54.47,474.93,2018.24
Sanctum Infinity,['Solana'],Dexs,2846939,62841495.0,233823388.0,-83.03,195.19,-78.76
Kyo Finance,['Soneium'],Dexs,2543698,8084120.0,26818678.0,75.68,224.06,168.28
SwapX Algebra,['Sonic'],Dexs,2542704,12532600.0,81642878.0,91.61,25.63,-53.07
Quickswap V4,"['Base', 'Soneium', 'Somnia']",Dexs,2521639,9233932.0,25868095.0,-4.26,47.84,429.43
Renegade,"['Arbitrum', 'Base']",Dexs,2474853,18277227.0,55514326.0,-6.35,39.48,107.29
STON.fi,['TON'],Dexs,2430898,16820723.0,94181376.0,12.01,-6.67,-45.44
Joe DEX,"['BSC', 'Avalanche', 'Arbitrum']",Dexs,2351913,13911510.0,60279135.0,18.4,-6.24,29.05
Minswap,['Cardano'],Dexs,2345638,19377830.0,75543291.0,-27.93,-1.38,-42.71
Haedal AMM Protocol,['Sui'],Dexs,2242235,8164017.0,41518080.0,94.19,195.72,11.72
XPress Protocol,['Sonic'],Dexs,2204567,12889158.0,91061598.0,,-25.23,-61.76
Clipper,"['Ethereum', 'OP Mainnet', 'Arbitrum', 'Polygon', 'Moonbeam', 'Base', 'Mantle', 'Polygon zkEVM']",Dexs,2190356,16277784.0,99483126.0,9.53,-19.67,-63.5
TONCO,['TON'],Dexs,2124932,15247904.0,58952657.0,-13.45,256.22,-44.59
Unchain X,['BSC'],Dexs,2070970,10766698.0,43885589.0,55.37,19.64,62.38
Helix Spot,['Injective'],Dexs,2041552,8978462.0,33250902.0,3.23,74.1,
Maverick V1,"['BSC', 'Base', 'ZKsync Era', 'Ethereum']",Dexs,1988708,11269824.0,66507157.0,21.96,25.95,-10.92
Beets DEX,"['Fantom', 'OP Mainnet', 'Sonic']",Dexs,1904493,9816923.0,40280290.0,36.74,63.74,32.42
OkieSwap Stableswap,['X Layer'],Dexs,1828999,1969347.0,1985934.0,1561.26,10929.36,
Story Hunt,['Story'],Dexs,1808685,12381013.0,57973119.0,-26.08,-23.8,92.92
Aquarius Stellar,['Stellar'],Dexs,1728902,8855928.0,37473050.0,53.25,129.66,-48.93
Biswap V2,['BSC'],Dexs,1719581,19202697.0,32883515.0,56.13,-62.27,432.01
Bitflow,['Stacks'],Dexs,1647419,13323338.0,56694462.0,-16.45,1.75,-31.89
Metropolis DLMM,['Sonic'],Dexs,1540547,8676660.0,38981390.0,15.11,-0.17,3.07
Rooster Protocol,"['Plume Mainnet', 'Plume (Deprecated)']",Dexs,1540440,16773733.0,47999515.0,15.45,-72.88,-56.49
DragonSwap V3 Kaia,['Kaia'],Dexs,1530357,10096161.0,42868256.0,9.51,-54.71,-27.06
Spectra V2,"['Ethereum', 'Arbitrum', 'OP Mainnet', 'Base', 'Sonic', 'Hemi', 'Avalanche', 'BSC', 'Hyperliquid L1']",Yield,1510602,4580656.0,29416501.0,89.01,31.69,-33.39
LumenSwap,['Stellar'],Dexs,1500235,8040126.0,46186870.0,71.06,45.51,-66.97
Saber,['Solana'],Dexs,1461100,10073497.0,40858413.0,1.22,4.66,8.88
StellaSwap V4,['Moonbeam'],Dexs,1450905,8237639.0,26613110.0,74.02,68.2,45.96
Yaka V3,['Sei'],Dexs,1425642,12722321.0,57378555.0,24.85,-41.23,-67.66
WAGMI,"['Fantom', 'Ethereum', 'Metis', 'Kava', 'Sonic', 'Base']",Dexs,1380465,8949677.0,49436373.0,47.32,10.21,-53.48
Bulla Exchange,['Berachain'],Dexs,1330968,7678885.0,65574854.0,11.57,11.65,-50.44
Metastable,['Sui'],CDP,1311928,13455563.0,164697879.0,-41.0,-84.21,-82.06
ZORA Coins,['Base'],Launchpad,1276882,11262026.0,58541510.0,4.47,53.58,-21.02
XSwap V3,['XDC'],Dexs,1266231,7753766.0,30775593.0,19.74,9.08,5.12
boop.fun,['Solana'],Launchpad,1219618,12133765.0,25472958.0,-13.72,-50.76,761.09
Pharaoh Legacy,['Avalanche'],Dexs,1146440,9346958.0,32324134.0,81.75,-41.79,-52.73
Cellana Finance,['Aptos'],Dexs,1128475,5974310.0,15765214.0,-26.71,2299.17,
Swaap Maker V2,"['Ethereum', 'Polygon', 'Arbitrum', 'OP Mainnet', 'BSC', 'Base', 'Mode', 'Scroll', 'Linea', 'Mantle']",Dexs,1064756,20029427.0,56286165.0,26.98,-32.43,-72.37
Frax Swap,"['Arbitrum', 'Aurora', 'Avalanche', 'Boba', 'BSC', 'Ethereum', 'Fantom', 'Harmony', 'Moonbeam', 'Moonriver', 'Polygon', 'Fraxtal']",Dexs,1037170,4954166.0,27350541.0,128.47,24.19,-27.44
Thruster V3,['Blast'],Dexs,1021399,5557939.0,38359536.0,58.97,-22.57,-30.9
Astroport,"['Terra2', 'Injective', 'Neutron', 'Sei', 'Osmosis']",Dexs,1010965,7350695.0,52990808.0,51.96,-17.21,-34.21
iZiSwap,"['BSC', 'ZKsync Era', 'Arbitrum', 'Meter', 'Aurora', 'Polygon', 'Mantle', 'OntologyEVM', 'Ultron', 'Linea', 'Scroll', 'Base', 'Manta', 'ZetaChain', 'Mode', 'IoTeX']",Dexs,995332,3069659.0,7701058.0,0.0,954.59,395.23
Beets DEX V3,['Sonic'],Dexs,988109,5907168.0,27181866.0,45.23,-5.75,-7.6
BaseX,['Base'],Dexs,964479,4065532.0,25107725.0,72.93,98.76,-51.58
SaucerSwap V1,['Hedera'],Dexs,961784,9040653.0,24743585.0,-34.79,68.91,73.56
mySwap CL,['Starknet'],Dexs,944845,6613915.0,28345350.0,0.0,0.0,0.0
Thena V1,['BSC'],Dexs,937346,3643936.0,8700006.0,415.08,491.04,225.23
Velodrome V2,"['OP Mainnet', 'Mode', 'Lisk', 'Fraxtal', 'Ink', 'BOB', 'Soneium', 'Unichain', 'Swellchain']",Dexs,904818,4839508.0,22333773.0,89.0,74.94,-37.38
PulseX StableSwap,['PulseChain'],Dexs,904812,7171213.0,35686798.0,16.92,59.91,-52.18
MooniSwap,['Ethereum'],Dexs,903536,4907316.0,27114536.0,170.46,41.19,-40.42
Aftermath AMM,['Sui'],Dexs,884445,3531295.0,7666667.0,100.06,285.13,176.26
MachineX CL,['Peaq'],Dexs,866938,5703415.0,9537496.0,34.32,433.83,2710.54
Katana DEX,['Ronin'],Dexs,857859,7200738.0,35204360.0,76.94,-73.52,-37.35
Shadow Exchange Legacy,['Sonic'],Dexs,856519,5835749.0,24157567.0,1.72,11.48,-3.31
Manifest Trade,['Solana'],Dexs,848230,6348552.0,33277918.0,2.25,-77.13,195.0
Somnia Exchange,['Somnia'],Dexs,841461,2956868.0,2956868.0,-43.31,,
MagicSea LB,['IOTA EVM'],Dexs,791476,3086847.0,15401283.0,172.51,184.42,10.47
LN Exchange Spot,['Bitcoin'],Dexs,774403,6129643.0,20425736.0,-16.8,5.8,24.49
Drift AMM,['Solana'],Dexs,774171,4807407.0,28740392.0,159.36,-23.27,-23.21
ShibaSwap,['Ethereum'],Dexs,748815,42117029.0,79189041.0,-87.27,-90.01,76.13
Tinyman,['Algorand'],Dexs,724816,3790505.0,23129411.0,4.45,-9.98,14.51
HyperBrick,['Hyperliquid L1'],Dexs,721103,6085718.0,60207630.0,30.77,-62.93,-90.79
xExchange,['MultiversX'],Dexs,699717,4062956.0,18865601.0,31.62,86.99,-0.02
Nerve,['BSC'],Dexs,695983,658408.0,1578719.0,1859.47,2045.45,5737.8
Fulcrom AMM,"['Cronos', 'ZKsync Era', 'Cronos zkEVM']",Dexs,684733,4299567.0,104955839.0,36.09,94.4,10.59
Fenix Standard Pools,['Blast'],Dexs,659000,1025190.0,1485167.0,1272.43,1189.12,4502.92
DeDust,['TON'],Dexs,657862,4186235.0,25050122.0,114.4,20.4,-51.43
Ambient,"['Scroll', 'Blast', 'Ethereum', 'Plume Mainnet', 'Swellchain']",Dexs,618321,3763599.0,19848166.0,23.55,-9.96,-48.18
BEX,['Berachain'],Dexs,610042,6520897.0,55009710.0,-50.05,-38.24,-77.65
Gliquid,['Hyperliquid L1'],Dexs,604414,4224389.0,52297073.0,21.51,-10.27,-83.1
Carbon.inc,['Base'],Derivatives,603649,8268933.0,33871659.0,-42.73,-37.8,-68.61
InitiaDEX,['Initia'],Dexs,602582,3050853.0,13813835.0,74.23,44.92,4.49
Ellipsis Finance,['BSC'],Dexs,584093,567799.0,1272682.0,4871.0,1254.36,14.83
BMX Classic AMM,"['Base', 'Mode']",Dexs,571049,1690624.0,7826093.0,2073.35,39.04,357.74
AirSwap,"['Ethereum', 'Polygon', 'Avalanche', 'BSC', 'Arbitrum']",DEX Aggregator,558395,7345977.0,7544404.0,-76.86,10317.82,2322.01
PancakeSwap Prediction,['BSC'],Prediction Market,551763,4210463.0,18637545.0,-16.24,-8.26,-12.44
HbarSuite,['Hedera'],Dexs,549522,916079.0,1931244.0,1117.29,1396.97,918.9
Duality,['Neutron'],Dexs,548821,3360792.0,32039929.0,35.75,-46.73,-5.17
Zyberswap AMM,['Arbitrum'],Dexs,511559,3423266.0,8141855.0,9.21,1.89,602.64
KittyPunch PunchSwap,['Flow'],Dexs,509985,2127433.0,12908537.0,176.37,120.21,32.85
Cleopatra CL,['Mantle'],Dexs,497803,1275714.0,7757085.0,104.89,379.99,118.07
Jellyverse,['Sei'],Dexs,489323,2785706.0,14503173.0,63.86,34.74,-40.89
Swapr V3,['Gnosis'],Dexs,475096,2580924.0,16532180.0,9.32,-26.93,-51.6
BrownFi,"['Berachain', 'Base', 'Arbitrum', 'Hyperliquid L1']",Dexs,472662,2602975.0,12482266.0,39.42,5.61,7.94
Earnium,['Aptos'],Dexs,453078,3773206.0,8592663.0,4.5,100.88,150.41
ICPSwap,['ICP'],Dexs,452466,2743998.0,12453482.0,-10.78,25.91,-20.24
2THICK,['Sonic'],Dexs,449316,2401836.0,17283807.0,53.91,12.91,-74.68
BulbaSwap V2,['Morph'],Dexs,440351,2010853.0,20064946.0,26.31,-26.71,137.04
4Swap,['Mixin'],Dexs,428247,750404.0,6289167.0,533.65,261.99,105.06
PayCash,['Vaulta'],Dexs,427391,1950251.0,17031851.0,11.27,115.04,202.03
SUNSwap V1,['Tron'],Dexs,412153,21936601.0,99640117.0,-49.38,86.05,155.13
KongSwap,['ICP'],Dexs,382387,2702499.0,12000382.0,-6.26,-9.22,-15.1
SpookySwap V3,"['Fantom', 'Sonic']",Dexs,372636,1895076.0,3335548.0,55.24,-3.51,2787.08
JustBet,['WINR'],Prediction Market,369525,1271398.0,2762394.0,0.21,976.61,99.89
PHUX,['PulseChain'],Dexs,359873,2976669.0,12567818.0,39.96,70.59,-52.64
Javsphere,['Base'],Derivatives,359720,914991.0,51979003.0,1114.82,-79.52,1.74
LaunchLab,['Solana'],Launchpad,358442,8037260.0,111089407.0,-74.67,-77.25,-91.86
Gala Swap,['Gala'],Dexs,358433,1323026.0,1746220.0,388.32,84.31,
DeltaSwap,"['Arbitrum', 'Base', 'Ethereum']",Dexs,357152,1606396.0,11225934.0,90.74,124.68,-42.1
Saros AMM,['Solana'],Dexs,354129,2719281.0,13289840.0,75.74,24.19,132.41
Football.Fun,['Base'],Prediction Market,352912,2293773.0,46278695.0,-28.24,-25.92,-7.3
Nostra Pools,['Starknet'],Dexs,346390,2233425.0,9829437.0,,124.7,-53.11
Nile CL,['Linea'],Dexs,343607,2229836.0,15265346.0,95.54,-71.09,37.17
Camelot V2,"['Arbitrum', 'ApeChain', 'Gravity by Galxe', 'Rari', 'Reya Network', 'Gnosis', 'Sanko']",Dexs,338202,2303020.0,9928515.0,-5.54,13.58,-13.46
NetSwap,['Metis'],Dexs,329227,2889881.0,11847136.0,-5.44,4.41,-37.65
SyncSwap,"['ZKsync Era', 'Linea', 'Scroll']",Dexs,327356,10527747.0,51151842.0,-69.46,-90.62,-84.39
Balanced Exchange,['Icon'],Dexs,327172,1475195.0,6864365.0,86.15,55.51,1.17
Flamingo Finance,['NEO'],Dexs,314564,3463162.0,9289165.0,,-47.9,
WingRiders,['Cardano'],Dexs,313448,2461673.0,8968165.0,-16.24,11.83,-8.06
Pinto,['Base'],Algo-Stables,310041,1779070.0,19215706.0,-29.96,-53.46,-60.97
Pangolin V2,['Avalanche'],Dexs,303423,1750967.0,7036771.0,37.35,-6.82,11.78
FanX Protocol,['Chiliz'],Dexs,298583,2195147.0,12483088.0,-37.71,62.69,-38.06
HX Finance,['Hyperliquid L1'],Dexs,295681,2007157.0,4621870.0,-4.53,29.33,471.88
Splash Protocol,['Cardano'],Dexs,290376,5006533.0,15350195.0,-39.35,-56.12,-50.36
Molten V4,['CORE'],Dexs,284879,2270546.0,31168020.0,137.72,-64.93,-30.72
Curve LlamaLend,"['Ethereum', 'Arbitrum', 'OP Mainnet', 'Fraxtal', 'Sonic']",Lending,283756,1304914.0,6064237.0,39.85,54.82,84.41
KuraSwap CL,['Sei'],Dexs,282244,1229886.0,4746837.0,166.34,36.12,20.19
CaviarNine Shape Liquidity,['Radix'],Dexs,276099,3944917.0,6894520.0,-0.86,-6.31,1066.11
Bancor V2.1,['Ethereum'],Dexs,273304,1634202.0,7007711.0,33.37,74.3,-44.55
Pact,['Algorand'],Dexs,266003,371299.0,4853534.0,,910.5,140.49
ApeSwap AMM,"['BSC', 'Polygon', 'Ethereum', 'Arbitrum']",Dexs,258411,1482558.0,5087558.0,84.77,49.08,28.42
PiperX V3,['Story'],Dexs,250637,3382960.0,19700503.0,-61.38,-70.08,-49.33
SilverSwap,['Sonic'],Dexs,241161,1894937.0,11812107.0,74.35,-36.94,-63.89
Ocelex V2,['Zircuit'],Dexs,228764,1058350.0,5854077.0,58.23,76.73,2.41
Swappi,['Conflux'],Dexs,226993,2451254.0,8085789.0,41.07,107.2,-14.92
Nabla Finance,"['Arbitrum', 'Base', 'Berachain']",Dexs,221917,856237.0,9467345.0,66.42,50.94,
SundaeSwap V2,['Cardano'],Dexs,212177,1550124.0,6363898.0,66.37,23.72,29.63
Balancer V1,['Ethereum'],Dexs,211875,11229807.0,27503628.0,-0.39,9.56,-24.55
Interest Curve,['Movement'],Dexs,208273,1292409.0,6381134.0,-49.83,22.71,-97.37
Amped Finance,"['LightLink', 'Sonic', 'Berachain', 'Base']",Derivatives,201521,477207.0,17304175.0,839570.83,762.64,-7.45
FlowX V2,['Sui'],Dexs,200246,320754.0,888600.0,627.37,247.44,1497.5
zkSwap V3,"['ZKsync Era', 'Sonic']",Dexs,193567,1035162.0,4759697.0,49.26,17.75,-9.69
Kriya CLMM,['Sui'],Dexs,182049,766547.0,10893904.0,79.39,151.04,-82.3
Haven1 hSwap,['Haven1'],Dexs,171585,806620.0,5228717.0,194.17,15.45,719.02
Somnex V3,['Somnia'],Dexs,170960,976285.0,976291.0,-34.66,17095900.0,
Kittenswap CL,['Hyperliquid L1'],Dexs,167361,2323693.0,12296907.0,-84.86,-26.37,-78.97
Verus Market,['Verus'],Dexs,164532,1123346.0,6975885.0,34.73,73.73,-29.51
Hercules V3,['Metis'],Dexs,164514,682492.0,3384297.0,186.55,126.13,31.46
Swaps.io,"['Ethereum', 'OP Mainnet', 'BSC', 'Gnosis', 'Polygon', 'Sonic', 'Arbitrum', 'Base', 'Avalanche', 'Blast']",Bridge,163630,1091057.0,8014523.0,56.47,1.34,15.67
KIM Exchange V3,['Mode'],Dexs,154092,264339.0,1551754.0,657.06,35.47,765.2
Arena SocialFi,['Avalanche'],SoFi,153211,225859.0,464925.0,463.21,1980.26,2053.35
BabySwap,['BSC'],Dexs,151046,1370449.0,10019325.0,34.73,-29.48,-73.31
Increment Swap,['Flow'],Dexs,141127,802154.0,6393347.0,124.76,71.56,-17.46
SwapBased Concentrated Liquidity,['Base'],Dexs,140801,637445.0,12365057.0,-6.86,-58.03,-59.31
Myriad Markets,"['Abstract', 'Linea']",Prediction Market,136533,907530.0,3396885.0,22.87,40.91,41.47
Wasabee,['Berachain'],Dexs,132787,1176765.0,7826805.0,-3.04,-44.32,-46.54
ThalaSwap,['Aptos'],Dexs,131223,1367489.0,6525088.0,-64.28,-27.04,-47.85
BurrBear,['Berachain'],Dexs,126445,1210310.0,6877136.0,-60.8,-7.21,-41.55
Ociswap Precision,['Radix'],Dexs,125607,1217972.0,2586443.0,16.87,30.88,924.53
BulbaSwap V3,['Morph'],Dexs,124712,812348.0,21558813.0,-3.7,-62.34,993.39
SMARDEX USDN,['Ethereum'],Basis Trading,122730,1168771.0,6042280.0,30.73,-50.65,-48.59
Kittenswap AMM,['Hyperliquid L1'],Dexs,121909,1037271.0,1615644.0,-50.78,370.93,54.95
Ape.Store,"['Base', 'Ethereum']",Launchpad,121024,3116454.0,20378982.0,-53.5,-22.62,-92.8
Carbon Defi,"['Ethereum', 'Sei', 'Celo', 'Coti', 'TAC']",Dexs,119814,1110846.0,4932823.0,-30.95,-0.73,-11.17
DackieSwap V3,"['Base', 'OP Mainnet', 'Arbitrum', 'Blast', 'Mode', 'Linea']",Dexs,117866,534675.0,4142281.0,50.59,19.65,-0.44
Invariant,"['Solana', 'Eclipse']",Dexs,113174,1664900.0,11363453.0,-28.82,-49.46,-80.44
SwapBased AMM,['Base'],Dexs,110947,196568.0,422828.0,179.15,826.41,614.96
Swop,"['Waves', 'Unit Zero']",Dexs,106220,1105988.0,4436898.0,26.51,-35.52,
Yuzu Finance,['Movement'],Dexs,105860,954754.0,2819038.0,-66.71,18.8,-31.54
Wombat Exchange,"['BSC', 'Arbitrum', 'Ethereum', 'Scroll', 'Avalanche', 'Base', 'OP Mainnet']",Dexs,105432,850506.0,6137081.0,218.58,-54.27,-63.18
waveX,['Soneium'],Derivatives,101896,526904.0,2156908.0,88.18,4.9,80.27
Defi Swap,['Ethereum'],Dexs,97946,980531.0,12450684.0,8.96,21.54,-29.74
Heaven,['Solana'],Dexs,94632,1064231.0,286698646.0,-10.52,-84.59,-99.68
Capybara Dexs,['Kaia'],Dexs,93817,1104847.0,4157549.0,90.74,-16.22,27.7
HyperSwap V2,['Hyperliquid L1'],Dexs,91318,3151848.0,11426296.0,-73.76,-81.88,-81.09
SquadSwap Dynamo,['BSC'],Dexs,91071,465810.0,1319212.0,80.4,1.91,165.14
KittyPunch StableKitty,['Flow'],Dexs,87693,806113.0,4338959.0,-38.23,-69.54,-80.32
Uniswap V1,['Ethereum'],Dexs,87273,552145.0,3793686.0,166.51,38.73,-41.85
Sonex,['Soneium'],Dexs,82551,380545.0,2186956.0,32.22,74.31,6.64
HARD Swap,['Kava'],Dexs,81353,366971.0,1949250.0,31.0,68.12,-22.58
BetterSwap,['VeChain'],Dexs,76561,425199.0,1574413.0,-28.01,137.05,-34.56
Hyperpie DEX,['Hyperliquid L1'],Dexs,75933,1336806.0,3301046.0,-35.61,-80.69,
H2 Finance V2,['Cronos zkEVM'],Dexs,74997,764265.0,7203416.0,-24.1,-33.11,-35.74
Mosaic AMM,['Movement'],Dexs,74908,468751.0,2388230.0,-61.99,-19.49,-30.65
Skate AMM,"['Ethereum', 'BSC', 'Base', 'Arbitrum', 'Solana', 'Eclipse', 'Hyperliquid L1', 'Plume Mainnet', 'Mantle', 'Sui']",Dexs,73991,2210899.0,19796521.0,37.01,-90.99,-74.57
Allbridge Classic,"['Ethereum', 'BSC', 'Terra Classic', 'Aurora', 'Polygon', 'Heco', 'Celo', 'Avalanche', 'Fantom', 'Fuse', 'Solana', 'Near', 'Harmony', 'Tezos', 'Kaia', 'Waves', 'Stellar', 'Stacks']",Bridge,71670,503779.0,3068577.0,351.81,135.49,-87.4
DataDex,['Vana'],Dexs,71302,622615.0,762240.0,-28.33,36.83,
Retro,['Polygon'],Dexs,70331,369057.0,3334592.0,26.82,69.19,-68.29
Sologenic,['XRPL'],Dexs,67965,452982.0,1941397.0,248.79,1.74,-0.25
E3,"['Fantom', 'Arbitrum', 'Base']",Dexs,66350,94456.0,583504.0,945.38,155.26,587.92
Bancor V3,['Ethereum'],Dexs,65699,819200.0,4560688.0,61.37,32.66,-75.85
Mimo V2,['IoTeX'],Dexs,64997,480854.0,5650063.0,137.47,47.06,-91.5
LiquidSwap,['Aptos'],Dexs,64459,609782.0,3227742.0,-42.61,-49.22,-22.34
Molten V3,['CORE'],Dexs,62274,361524.0,4420054.0,13556.58,-60.79,559.4
EddyFinance AMM,['ZetaChain'],Dexs,61234,222932.0,806024.0,92.49,384.52,97.76
Secured Finance Lending,"['Ethereum', 'Arbitrum', 'Filecoin']",Lending,60026,454685.0,1023177.0,-8.24,141.55,-5.61
Trisolaris,['Aurora'],Dexs,59819,283874.0,1893197.0,106.16,109.46,90.63
Equalizer Exchange,"['Fantom', 'Sonic']",Dexs,59388,240381.0,1321315.0,198.03,63.52,86.46
Glide Finance,['Elastos'],Dexs,57991,329211.0,1249432.0,3.13,49.33,1038.64
Elys DEX,['Elys'],Dexs,56696,798312.0,5147070.0,-46.62,-61.45,-72.61
Dragon Swap V2 Sei,['Sei'],Dexs,55549,619242.0,2011605.0,70.23,-30.51,-21.02
WanSwap Dex,['Wanchain'],Dexs,54882,191501.0,1136776.0,175.97,95.34,21.87
DefiChain DEX,['DefiChain'],Dexs,54371,620318.0,6243001.0,37.88,11.36,30.46
Dinosaur Eggs,['BSC'],Dexs,54330,317113.0,1058071.0,-0.14,79.4,215.1
KlaySwap V1,['Kaia'],Dexs,54282,315296.0,1622081.0,23.33,68.85,-27.74
BaseSwap V2,['Base'],Dexs,54184,407439.0,3539343.0,43.03,146.5,-72.67
Arena Launch,['Avalanche'],Launchpad,53436,534783.0,1850290.0,-39.19,3275.62,1161.47
Shido Dex,['Shido'],Dexs,52788,214364.0,402072.0,36.47,104.38,249.43
CaviarNine Agg,['Radix'],DEX Aggregator,52768,764683.0,1209020.0,0.09,-23.35,2474.05
Web3.world,['Venom'],Dexs,51210,456738.0,2287140.0,-21.19,-22.21,-26.9
Merchant Moe DEX,['Mantle'],Dexs,49695,565040.0,2479647.0,9.83,-75.84,-14.71
BabyDogeSwap,['BSC'],Dexs,48731,215953.0,884396.0,59.72,116.95,-12.51
SyncSwap V3,"['ZKsync Era', 'Linea', 'Sophon']",Dexs,45762,313771.0,1596317.0,37.75,-36.85,-50.6
QuickSwap Liquidity Hub,['Polygon'],Services,42924,299605.0,928362.0,91.31,10.72,71.07
Ramses Legacy,['Arbitrum'],Dexs,40350,173923.0,1026148.0,102.48,261.92,161.54
Velodrome V1,['OP Mainnet'],Dexs,38505,242746.0,1242680.0,46.41,37.1,-36.87
Macaron AMM,['Bitlayer'],Dexs,36349,151220.0,1000932.0,43.15,98.2,-1.95
Gacha,['Abstract'],Prediction Market,36309,326014.0,1182539.0,-54.01,-26.34,2585.58
Ferro,['Cronos'],Dexs,33450,999625.0,21193251.0,-45.94,-88.42,-86.15
SpaceWhale,['Arbitrum'],Derivatives,33282,295076.0,1027696.0,33.88,-46.19,797.33
Polkaswap,['Sora'],Dexs,33002,114948.0,734719.0,201.36,9.25,72.14
WinnieSwap,['Berachain'],Dexs,32262,176906.0,375768.0,37.7,41.99,2867.99
Drip.Trade,['Hyperliquid L1'],NFT Marketplace,28477,464068.0,1372833.0,-71.84,-47.38,-1.91
Koi Finance AMM,['ZKsync Era'],Dexs,28012,180901.0,1259892.0,35.69,-11.66,-61.52
Thick,"['Fantom', 'Arbitrum', 'Base', 'Sonic']",Dexs,27872,126327.0,732934.0,64.34,75.86,-19.67
XSwap V2,['XDC'],Dexs,26493,136641.0,457896.0,72.65,14.04,105.44
Lynex V1,['Linea'],Dexs,26144,148516.0,632996.0,190.36,1.92,62.69
H2 Finance V3,['Cronos zkEVM'],Dexs,26038,315377.0,3981084.0,-33.24,-43.4,-64.4
Cauldron,['Bitcoincash'],Dexs,25990,115755.0,627537.0,-0.94,-22.98,-14.66
Alpha Arcade,['Algorand'],Prediction Market,24679,291974.0,1184374.0,-34.46,-17.59,17.83
Infusion,['Base'],Dexs,24106,143571.0,1121091.0,4.9,-56.14,-50.68
Voltage V4,['Fuse'],Dexs,24024,135583.0,652574.0,140.12,-18.14,14.33
UltronSwap,['Ultron'],Dexs,23515,271766.0,944081.0,-50.3,-62.41,136.86
Metropolis AMM,['Sonic'],Dexs,22158,259205.0,1330971.0,13.09,-73.56,-74.55
Somnex DEX,['Somnia'],Dexs,22033,253300.0,548004.0,-43.1,65.3,
Kodiak V2,['Berachain'],Dexs,21905,174598.0,997214.0,106.48,67.83,-51.55
Rubicon,"['OP Mainnet', 'Arbitrum', 'Base', 'Ethereum']",Dexs,21693,402091.0,1802092.0,-79.3,-38.09,-63.0
Xfai,['Linea'],Dexs,21449,106141.0,621046.0,132.96,61.36,-56.55
SwapX V2,['Sonic'],Dexs,21262,385978.0,1041254.0,-41.7,-26.17,-47.61
Arch Swap,['Botanix'],Dexs,21253,84038.0,561789.0,85.03,74.32,-44.8
Veax,['Near'],Dexs,21189,95756.0,330126.0,89.17,52.07,61.87
DeltaTrade,"['Near', 'Solana']",Dexs,20696,115022.0,471148.0,42.89,10.56,10.31
LiquidLaunch,['Hyperliquid L1'],Launchpad,20657,72968.0,239533.0,1913.35,-71.99,3517.69
MDEX,"['BSC', 'Heco', 'Bittorrent']",Dexs,20642,141584.0,636797.0,49.17,25.07,-39.48
SMARDEX AMM,"['Arbitrum', 'Base', 'BSC', 'Ethereum', 'Polygon']",Dexs,20566,134969.0,471064.0,166.19,130.53,-29.95
Joe V2,"['Avalanche', 'Arbitrum', 'BSC']",Dexs,18978,100072.0,346140.0,205.6,-14.35,129.79
Thirdfy,['Base'],Dexs,18549,1309745.0,6723340.0,-89.88,-90.0,-85.17
Ubeswap V2,['Celo'],Dexs,17672,27821.0,338783.0,74.13,,-37.04
Nuri CL,['Scroll'],Dexs,16785,124605.0,1860204.0,84.15,93.98,-87.59
GasPump,['TON'],Launchpad,16771,65960.0,213239.0,424.91,11.07,27851.67
Kriya AMM,['Sui'],Dexs,16519,108012.0,538751.0,6.14,11.14,69.55
VaporDex V1,"['Avalanche', 'ApeChain']",Dexs,16200,52672.0,254175.0,410.24,40.1,101.67
Velar Protocol,['Stacks'],Dexs,16079,107932.0,428303.0,-14.01,2.94,15.29
Verse,"['Ethereum', 'smartBCH']",Dexs,15773,141175.0,5929358.0,-74.6,-59.15,-11.34
OkieSwap V2,['X Layer'],Dexs,15725,796842.0,1253885.0,-65.02,82.21,-94.93
zkSwap StableSwap,['ZKsync Era'],Dexs,15284,160182.0,776278.0,-26.05,-66.58,-49.53
Elexium,['Alephium'],Dexs,14781,117081.0,669758.0,69.18,-20.7,-33.73
Tethys AMM,['Metis'],Dexs,14039,75891.0,321364.0,136.39,119.74,21.11
Swapr V2,"['Ethereum', 'Arbitrum', 'Gnosis']",Dexs,13797,71730.0,373363.0,-11.0,238.74,-70.56
Rabbit Swap,['Viction'],Dexs,13582,287587.0,1637134.0,-37.23,-36.39,-60.12
Honeyswap,"['Polygon', 'Gnosis']",Dexs,12864,119810.0,534619.0,90.72,76.73,-35.4
Titano Swych,['BSC'],Dexs,12334,11933.0,52984.0,510.29,764.94,355.97
Scale,['Base'],Dexs,11964,92784.0,1221903.0,-41.51,-60.74,-74.19
Dfyn Network,['Polygon'],Dexs,11486,49143.0,327941.0,103.62,100.07,-42.74
Sandglass,"['Solana', 'Eclipse']",Yield,11337,71741.0,71741.0,1453.01,,
DefiBox,"['Vaulta', 'Wax']",Dexs,10983,68455.0,747939.0,-52.5,49.45,-61.95
MorFi,['Morph'],Dexs,10691,45758.0,272947.0,25.32,38.79,200.73
ArthSwap V3,['Astar'],Dexs,10528,49155.0,244354.0,124.29,39.08,66.32
ColorPool,['Chromia'],Dexs,10519,131055.0,441530.0,54.28,48.8,-14.54
Platypus Finance,['Avalanche'],Dexs,9857,74579.0,371731.0,12.39,-62.77,-30.98
Consensus Liquidity DEX,['Kaia'],Dexs,9629,88113.0,497919.0,-51.31,200.53,-80.35
Revoswap,['X Layer'],Dexs,9143,194580.0,2751401.0,-50.37,-63.27,-90.87
Energiswap,['Energi'],Dexs,9109,68793.0,287841.0,50.31,90.13,-55.75
Dusa Protocol,['Massa'],Dexs,8910,113230.0,455366.0,-58.17,-11.7,-69.21
GarudaDefi,['Terra Classic'],Dexs,8630,66729.0,277555.0,-30.58,6.46,45.31
ICDex,['ICP'],Dexs,8454,104277.0,497219.0,-86.31,-93.95,85.11
Asset Chain Swap,['Asset Chain'],Dexs,8350,98770.0,333239.0,-32.0,-28.1,-10.94
CaviarNine LSU Pool,['Radix'],Dexs,8345,366092.0,810143.0,-50.52,78.96,834400.0
ApertureSwap,['Manta'],Dexs,7834,103779.0,286527.0,107.74,63.86,-40.21
Zebra V2,['Scroll'],Dexs,7822,54784.0,287409.0,90.46,62.38,-49.8
ArcherSwap,['CORE'],Dexs,7154,71732.0,323782.0,72.97,-22.83,-7.13
Gaming DEX,"['DeFiVerse', 'Oasys']",Dexs,7005,159627.0,836194.0,-76.7,-61.54,-41.91
Ociswap Basic,['Radix'],Dexs,6957,43905.0,126221.0,-21.6,25.08,81.03
MojitoSwap,['KCC'],Dexs,6906,29464.0,130031.0,651.47,-12.81,-33.31
Thruster V2,['Blast'],Dexs,6635,59880.0,416029.0,116.83,-63.99,-72.41
Meshswap,['Polygon'],Dexs,6614,28208.0,224681.0,73.92,72.37,-51.64
Nile Legacy,['Linea'],Dexs,6541,104572.0,393774.0,-32.7,-73.72,-45.08
WardenSwap,['BSC'],Dexs,6514,21787.0,111617.0,83.08,82.41,22.42
FusionX V3,['Mantle'],Dexs,6184,105621.0,1134658.0,-17.2,-84.81,-82.98
Alita Finance,['BSC'],Dexs,6143,66881.0,366063.0,31.09,171.45,-21.45
Solidly V2,['Ethereum'],Dexs,5986,16339.0,111908.0,354.17,430.2,11.6
AuroraSwap,['Aurora'],Dexs,5895,25872.0,78732.0,120.95,126.12,338.94
PiperX V2,['Story'],Dexs,5619,30817.0,233595.0,10.26,-29.49,-26.3
SailFish Finance,['EDU Chain'],Dexs,5486,132909.0,341302.0,-60.0,-74.34,158.41
Omni Exchange V2,"['Base', 'Arbitrum', 'OP Mainnet', 'Avalanche', 'Sonic', 'BSC']",Dexs,5405,1202755.0,2105144.0,-78.37,-97.96,333.79
Swap Country,['Harmony'],Dexs,5396,27758.0,118450.0,98.02,76.8,53.43
Enosys AMM V2,['Flare'],Dexs,5288,22486.0,186947.0,30.12,117.43,-96.34
Sushi Aptos,['Aptos'],Dexs,5194,30862.0,478478.0,,-31.2,-82.59
WigoSwap,['Fantom'],Dexs,5193,128535.0,610073.0,-59.85,-47.36,-79.28
Elk,"['Gnosis', 'Polygon', 'Fantom', 'BSC', 'Avalanche', 'Moonriver', 'Ethereum', 'OP Mainnet', 'Arbitrum', 'Metis', 'Base', 'Linea']",Dexs,5142,24992.0,107215.0,36.94,47.46,46.37
Polycat,['Polygon'],Farm,4990,16219.0,124312.0,164.58,89.37,-40.56
Karura Swap,['Karura'],Dexs,4977,44543.0,206518.0,156.15,136.21,-23.69
Kava Swap,['Kava'],Dexs,4899,34709.0,696385.0,1.72,4.39,-69.47
StellaSwap V2,['Moonbeam'],Dexs,4660,36653.0,151105.0,54.97,29.26,-23.15
OraiDEX,['Oraichain'],Dexs,4442,55676.0,306198.0,-52.94,-77.97,-65.88
KnightSwap Finance,"['BSC', 'Fantom']",Dexs,4356,34446.0,134432.0,-19.79,63.39,0.97
MuesliSwap,['Cardano'],Dexs,4298,37396.0,464440.0,40.14,-28.21,123.74
Prophet.fun,['Solana'],Prediction Market,4112,9756.0,28567.0,138.52,106.63,1138.55
Blasterswap V2,['Blast'],Dexs,4095,20230.0,113022.0,192.5,64.33,-33.52
9mm V2,"['PulseChain', 'Base', 'Sonic']",Dexs,4031,24339.0,100335.0,30.54,-13.42,1.08
SwapMode V2,['Mode'],Dexs,4006,15544.0,96894.0,98.42,68.46,27.3
AutoShark,['BSC'],Dexs,3890,17219.0,83478.0,201.32,148.25,-32.7
Apex DeFi,"['Avalanche', 'Base', 'Ethereum']",Dexs,3885,22023.0,56997.0,88.04,-12.14,340.98
KittyPunch PunchSwap V3,['Flow'],Dexs,3869,771974.0,7615710.0,-90.36,175.57,-83.1
WinerySwap,['BSC'],Dexs,3791,13158.0,58128.0,66.13,118.25,20.39
KIM Exchange V2,['Mode'],Dexs,3787,17412.0,112276.0,-28.07,39.18,-58.58
EchoDEX V3,['Linea'],Dexs,3587,20133.0,123156.0,542.83,-87.23,33.25
swap.coffee,['TON'],DEX Aggregator,3535,43044.0,137159.0,204.74,113.08,-30.59
BitGenie AMM,['Merlin'],Dexs,3514,76519.0,126621.0,-93.63,-36.43,479.87
Ginseng Swap,['Conflux'],Dexs,3363,7633.0,36515.0,1109.71,2251.75,1428.64
Garden,"['Ethereum', 'Bitcoin', 'Arbitrum', 'Base', 'Unichain', 'Berachain', 'Starknet', 'Hyperliquid L1', 'BSC', 'Corn', 'Sui', 'Solana']",Cross Chain Bridge,3203,74618.0,4308441.0,-17.41,124.46,-99.92
Cropper CLMM,['Solana'],Dexs,3084,13251.0,2033293.0,373.73,655.88,-98.49
RadioShack,"['Polygon', 'BSC', 'Avalanche']",Dexs,3008,16351.0,87465.0,33.87,1.55,-35.17
SpookySwap V2,"['Fantom', 'Sonic']",Dexs,3001,131691.0,384858.0,-33.21,-62.76,-81.28
BladeSwap AMM,['Blast'],Dexs,2976,13083.0,77654.0,211.95,30.13,2.59
Lif3 Swap,['Tombchain'],Dexs,2918,74502.0,623411.0,-53.29,18.47,-92.31
Vexchange,['VeChain'],Dexs,2792,39912.0,117551.0,-32.64,-36.72,-27.39
Maia V3,['Metis'],Dexs,2598,14777.0,94705.0,169.5,67.29,-66.23
JetSwap,"['BSC', 'Polygon', 'Fantom']",Dexs,2563,373428.0,860725.0,34.82,57.24,-38.08
Axial,['Avalanche'],Dexs,2530,532.0,19642.0,6070.73,732.24,1990.91
MachineX Legacy,['Peaq'],Dexs,2456,6134.0,6338.0,151.64,,49020.0
Oswap AMM,['Obyte'],Dexs,2241,8940.0,59620.0,-9.34,-43.96,6125.0
Omni Exchange Flux,"['Base', 'Arbitrum', 'OP Mainnet', 'Avalanche', 'Sonic', 'BSC']",Dexs,2187,28630.0,11556482.0,-33.42,-68.64,-99.81
MarginX DEX,['FunctionX'],Dexs,2187,21339.0,425289.0,-32.54,-75.29,-62.09
Rockswap,['Bitrock'],Dexs,2020,14504.0,34102.0,165.79,269.29,-32.49
Hyperpie Launchpad,['Hyperliquid L1'],Launchpad,2015,38135.0,629143.0,-51.75,-72.87,
PaintSwap on Fantom,['Sonic'],Dexs,1961,17280.0,73393.0,-25.72,34.59,68.33
WannaSwap,['Aurora'],Dexs,1918,7203.0,26857.0,165.65,132.48,233.57
KLEX Finance,['Kaia'],Dexs,1910,13952.0,84084.0,-28.94,79.17,-64.64
Dove Swap V3,['Polygon zkEVM'],Dexs,1890,8157.0,56274.0,182.51,-2.22,1.61
YokaiSwap,"['Godwoken', 'GodwokenV1']",Dexs,1890,19877.0,97296.0,840.3,1135.29,-87.47
X3X,['World Chain'],Prediction Market,1815,12954.0,44241.0,16.72,9.54,-4.12
KyotoSwap,['BSC'],Dexs,1774,8030.0,90818.0,-1.77,106.76,28.09
KuraSwap Legacy,['Sei'],Dexs,1765,7324.0,26078.0,214.62,161.09,9.49
Blue Planet,['BSC'],Dexs,1756,6750.0,41836.0,74.9,75.42,12.42
HorizonDEX,"['Linea', 'Base']",Dexs,1756,5036.0,19436.0,149.08,-27.32,137.3
Emojicoin.fun,['Aptos'],Launchpad,1680,17544.0,285164.0,-66.13,-61.79,-73.89
Saddle Finance,"['Ethereum', 'Arbitrum']",Dexs,1672,16891.0,47011.0,-75.8,56.55,52.0
MintSwap Finance,['Mint'],Dexs,1661,6137.0,33027.0,125.07,363.97,55.52
SpiritSwap AMM,['Fantom'],Dexs,1642,22799.0,88149.0,37.06,-8.68,-41.36
SupSwap V3,['Mode'],Dexs,1611,9873.0,80652.0,58.72,-34.08,-51.88
FVM Exchange,['Fantom'],Dexs,1563,4261.0,20298.0,740.32,778.09,114.99
PepeTeam DEX,['Waves'],Dexs,1525,17118.0,89662.0,-57.09,-30.87,-67.08
HakuSwap,['Avalanche'],Dexs,1525,3602.0,16554.0,300.26,162.03,69.82
DackieSwap V2,"['Base', 'OP Mainnet', 'Arbitrum', 'Blast', 'Mode', 'X Layer', 'Linea']",Dexs,1483,19787.0,158215.0,-74.65,-57.57,-55.63
OolongSwap,['Boba'],Dexs,1450,37807.0,147543.0,-13.17,49.64,-68.57
Swapsicle V2,"['Mantle', 'Telos', 'Taiko']",Dexs,1436,9022.0,45315.0,427.94,14.15,-26.25
BigPump,['TON'],Launchpad,1421,10389.0,76170.0,76.3,-91.0,1444.57
ZilSwap,['Zilliqa'],Dexs,1400,22647.0,187454.0,-55.17,-80.17,-83.33
Hybra V2,['Hyperliquid L1'],Dexs,1363,1213055.0,1242874.0,-43.07,9.57,1.11
VaporDex V2,['Avalanche'],Dexs,1354,5576.0,23356.0,97.38,10.8,54.57
Crema Finance,['Solana'],Dexs,1347,12386.0,77202.0,-4.33,-7.74,-38.55
SolidLizard Dex,['Arbitrum'],Dexs,1341,7232.0,40513.0,49.33,52.56,-51.68
HyperJump,"['BSC', 'Fantom', 'Metis']",Dexs,1336,8126.0,27297.0,-14.08,44.75,34.54
Raindex,"['Arbitrum', 'Base', 'BSC', 'Ethereum', 'Flare', 'Linea', 'Polygon']",Dexs,1290,5922.0,42520.0,136.7,58.67,-48.85
SpicySwap,['Tezos'],Dexs,1277,6889.0,29823.0,7.76,673.94,-15.21
Gravity Finance,['Polygon'],Dexs,1240,5805.0,51169.0,138.92,76.89,-49.7
Demex AMM,['Carbon'],Dexs,1150,6811.0,65692.0,123.3,41.63,-68.43
Hadouken AMM,['GodwokenV1'],Dexs,1109,0.0,14432.0,,,-59.48
Equilibre,['Kava'],Dexs,1095,6760.0,109350.0,-26.95,-71.49,-63.18
Crodex,['Cronos'],Dexs,1015,8970.0,151222.0,72.62,0.4,-9.05
Nexapia,['Flare'],Dexs,1015,26268.0,33245.0,-92.4,151.86,304.38
Hydradex V3,['Hydra Chain'],Dexs,1010,15923.0,67822.0,-32.62,-84.45,45.32
MantisSwap,"['Polygon', 'Polygon zkEVM', 'Mode']",Dexs,999,1005.0,21318.0,,291.76,-31.01
Dystopia,['Polygon'],Dexs,936,5289.0,36768.0,-15.98,100.86,-62.48
Cone,['BSC'],Dexs,924,3464.0,35654.0,100.0,128.71,268.13
SquadSwap V2,['BSC'],Dexs,923,9666.0,31970.0,-14.38,-55.02,-36.87
DragonSwap V2 Kaia,['Kaia'],Dexs,919,4666.0,65222.0,-18.46,-45.56,-69.68
Canto Dex,['Canto'],Dexs,911,4097.0,42322.0,60.67,-44.85,38.45
SparkDEX V3,['Flare'],Dexs,886,3113.0,12636.0,193.38,297.31,82.68
Koi Finance CL,['ZKsync Era'],Dexs,848,9861.0,79084.0,-43.73,-16.37,-87.16
Cometh,['Polygon'],Dexs,833,8248.0,36537.0,1.83,205.13,-58.74
StellaSwap V3,['Moonbeam'],Dexs,826,9944.0,43963.0,-5.28,-67.0,26.11
EchoDEX V2,['Linea'],Dexs,804,3833.0,12135.0,265.45,-27.11,215.29
VanillaSwap V2,['DeFiChain EVM'],Dexs,744,10849.0,459445.0,-83.82,-23.14,-25.15
HeliSwap,['Hedera'],Dexs,743,7447.0,16739.0,-35.17,-11.86,-35.67
Aequinox,['BSC'],Dexs,730,1988.0,8602.0,175.47,245.97,93.12
Orca Wavebreak,['Solana'],Launchpad,694,4154.0,89567.0,1161.82,1209.43,-99.21
Chronos V1,['Arbitrum'],Dexs,674,6995.0,35477.0,40.42,4.82,-68.09
Butter.xyz,['Mantle'],Dexs,668,9662.0,42996.0,-37.04,-65.1,-61.52
Hercules V2,['Metis'],Dexs,643,2428.0,10233.0,263.28,204.74,10.1
PhotonSwap Finance,['Cronos'],Dexs,636,3953.0,58770.0,127.14,52.88,8.16
Pangea Swap,['Kaia'],Dexs,626,15200.0,66213.0,-74.14,-66.77,-78.39
Huckleberry AMM,['Moonriver'],Dexs,626,2428.0,16684.0,-40.1,2404.0,-6.98
BeamSwap Classic,['Moonbeam'],Dexs,626,3240.0,11407.0,526.0,1231.91,192.52
Goblins AMM,"['smartBCH', 'BSC', 'Base']",Dexs,613,2577.0,8429.0,398.37,242.46,168.86
Gravis Finance,"['BSC', 'Polygon']",Dexs,610,2440.0,15301.0,88.27,42.19,-29.64
PadSwap,"['BSC', 'Moonriver', 'Moonbeam']",Dexs,605,2556.0,11211.0,84.45,120.0,16.8
Holdstation Swap,"['ZKsync Era', 'Berachain']",Dexs,594,11123.0,28417.0,273.58,786.57,-59.34
Solarbeam,['Moonriver'],Dexs,539,4887.0,69273.0,-61.25,1318.42,-79.88
Pearl V1,['Polygon'],Dexs,536,17393.0,45529.0,-91.24,-96.69,-49.15
Voltage AMM,['Fuse'],Dexs,530,4304.0,17003.0,16.74,11.81,-17.06
Arbitrum Exchange V2,['Arbitrum'],Dexs,525,2972.0,19697.0,56.72,25.3,-67.17
Complus Network,"['Polygon', 'BSC', 'Avalanche']",Dexs,524,2470.0,12865.0,48.44,1.35,0.96
Blum,['TON'],Launchpad,505,7547.0,34123.0,-28.27,-94.45,-28.27
Ninja Blaze,['Injective'],Prediction Market,500,21371.0,121271.0,-63.87,-79.84,-29.68
Symmetric,"['Gnosis', 'Celo', 'Telos']",Dexs,488,2486.0,12248.0,109.44,168.13,-24.34
SparkDEX V2,['Flare'],Dexs,468,16278.0,22609.0,-60.0,836.0,450.59
Defi Kingdoms,['Harmony'],Dexs,460,7789.0,15412.0,,-45.24,191.14
Hummus AMM,['Metis'],Dexs,433,5823.0,25796.0,-39.01,,-44.49
EagleFi,['Massa'],Dexs,421,5392.0,13724.0,-23.32,65.75,-59.13
ZKBase,['ZKsync Era'],Dexs,380,1811.0,12579.0,100.0,23.38,-58.96
firefly,['Manta'],Dexs,357,2603.0,18084.0,-19.23,-19.78,-45.74
Velocimeter V4,['IOTA EVM'],Dexs,351,596.0,4105.0,663.04,416.18,92.86
Solar Dex,['Eclipse'],Dexs,332,2324.0,12588.0,0.0,0.0,58.1
Scribe V4,['Scroll'],Dexs,319,3573.0,27550.0,-18.83,23.17,-13.32
Noah Swap,['EOS EVM'],Dexs,286,3827.0,27014.0,-69.86,2.14,-72.34
VoltSwap V2,['Meter'],Dexs,279,2178.0,63602.0,-76.3,407.27,-95.15
Blasterswap V3,['Blast'],Dexs,273,1439.0,12097.0,93.62,42.19,-57.01
MagicSea AMM,['ShimmerEVM'],Dexs,263,2294.0,12241.0,-68.5,1543.75,-32.39
Glyph V2,['CORE'],Dexs,243,911.0,5940.0,478.57,-7.6,-33.06
SpaceDex,"['Arbitrum', 'BSC']",Dexs,241,360.0,4613.0,,3.43,-63.7
Nearpad,['Aurora'],Dexs,230,1711.0,8594.0,29.21,243.28,-38.5
IcecreamSwap V2,"['Bitgert', 'CORE']",Dexs,228,3166.0,12807.0,31.03,-15.56,-48.76
HumanFi,['World Chain'],DEX Aggregator,226,2750.0,10632.0,-31.93,-57.28,-41.15
AmpleSwap,['BSC'],Dexs,220,1435.0,9008.0,48.65,41.94,11.68
Solidly,['Fantom'],Dexs,211,842.0,6081.0,276.79,283.64,56.3
VinuSwap,['VinuChain'],Dexs,204,973.0,3009.0,-46.6,-47.56,
Levinswap,['Gnosis'],Dexs,204,4718.0,16584.0,-44.72,-72.32,-49.13
Polaris Finance,"['Aurora', 'Telos']",Dexs,202,4645.0,108999.0,6633.33,26.25,-77.75
LuaSwap,['Ethereum'],Dexs,200,2543.0,14627.0,-48.19,-89.41,-76.11
PinkSwap,['BSC'],Dexs,195,1208.0,12475.0,-13.33,25.81,-38.68
Zyberswap V3,['Arbitrum'],Dexs,180,1239.0,67394.0,81.82,-8.63,-57.75
SmartDEX,['Polygon'],Dexs,166,729.0,6203.0,110.13,43.1,-62.95
DAO Swap,['BSC'],Dexs,161,96.0,1010.0,1688.89,82.95,794.44
Omax Swap,['Omax'],Dexs,157,501.0,3557.0,190.74,25.6,-85.96
FusionX V2,['Mantle'],Dexs,153,2952.0,12977.0,-60.36,-77.1,-19.05
DTX Dex V3,['Taiko'],Dexs,144,1049.0,3374.0,-13.25,-12.2,-62.2
Zebra V1,['Scroll'],Dexs,131,650.0,3836.0,156.86,54.12,-41.78
Morpheus Swap,['Fantom'],Dexs,130,1805.0,6544.0,4.0,75.68,-54.7
Horiza,['Arbitrum'],Dexs,124,929.0,5649.0,169.57,26.53,-68.61
LineHub V3,['Linea'],Dexs,123,737.0,10822.0,459.09,-59.41,-85.37
UniDerp,['Unichain'],Launchpad,120,1799.0,56161.0,-28.14,-54.37,-68.59
VanillaSwap V3,['DeFiChain EVM'],Dexs,116,3905.0,14592.0,-90.68,,2220.0
DFX V2,"['Ethereum', 'Polygon']",Dexs,116,1462.0,6868.0,,,-69.79
HiveSwap V3,['MAP Protocol'],Dexs,111,18387.0,60858.0,-92.66,-51.1,-84.82
ProtoFi,['Fantom'],Dexs,111,1558.0,6936.0,0.91,37.04,-60.07
Solarflare,['Moonbeam'],Dexs,107,7286.0,10728.0,105.77,,46.58
Sushi Trident,"['Polygon', 'OP Mainnet', 'Arbitrum', 'BSC', 'Avalanche']",Dexs,105,2603.0,10506.0,0.0,-87.78,-85.56
DerpDEX,"['ZKsync Era', 'Base']",Dexs,105,480.0,3279.0,600.0,9.38,-31.82
Razor DEX,['Movement'],Dexs,104,443.0,2830.0,1385.71,-61.19,1055.56
Mobius Money,['Celo'],Dexs,99,1102.0,3660.0,296.0,19.28,-51.94
GT3,['Polygon'],Dexs,93,11060.0,45467.0,-71.82,-15.45,-79.38
MinMax Finance,['IoTeX'],Dexs,87,1286.0,12588.0,11.54,1142.86,-62.34
Sphynx,"['BSC', 'Cronos']",Dexs,86,428.0,2887.0,48.28,53.57,-20.37
LineHub V2,['Linea'],Dexs,82,308.0,1793.0,272.73,-74.05,-26.79
Meme Cooking,['Near'],Launchpad,81,2648.0,6672.0,8000.0,102.5,
YieldFields,['BSC'],Dexs,74,225.0,1071.0,89.74,146.67,45.1
SwapMode V3,['Mode'],Dexs,70,952.0,75158.0,-38.6,-98.07,-98.88
Persistence DEX,['Persistence One'],Dexs,68,42932.0,208912.0,-78.95,-98.71,-98.64
Meridian Swap,['Telos'],Dexs,67,1133.0,6782.0,-68.54,-23.86,-89.25
SoulSwap,['Fantom'],Dexs,65,216.0,803.0,103.13,75.68,132.14
BeamSwap V3,['Moonbeam'],Dexs,64,482.0,3079.0,-37.25,392.31,-4.48
TTswap,['ThunderCore'],Dexs,64,359.0,6758.0,-7.25,60.0,-46.67
dappOS IntentEX,['opBNB'],Dexs,63,6227.0,39104.0,-97.52,,-92.96
Cleopatra Legacy,['Mantle'],Dexs,60,1210.0,3233.0,-87.21,-81.76,-4.76
Ocelex V1,['Zircuit'],Dexs,55,276.0,1779.0,83.33,44.74,7.84
Embr Finance,['Avalanche'],Dexs,51,176.0,1461.0,104.0,18.6,-61.65
Archly V2,"['Arbitrum Nova', 'Arbitrum', 'Avalanche', 'Base', 'Blast', 'BSC', 'Cronos', 'Ethereum', 'Fantom', 'Filecoin', 'Fraxtal', 'Kava', 'Mantle', 'Metis', 'Mode', 'Neon', 'OP Mainnet', 'Polygon', 'Sonic', 'Telos', 'ZKsync Era', 'Zora']",Dexs,47,51.0,523.0,261.54,683.33,-32.86
Pandora,['BSC'],Dexs,45,219.0,1100.0,28.57,95.65,-19.64
BeamSwap Stable AMM,['Moonbeam'],Dexs,45,4806.0,17548.0,275.0,-97.95,800.0
Upheaval V2,['Hyperliquid L1'],Dexs,41,38.0,113.0,4000.0,1266.67,
EmpireDEX,"['BSC', 'Cronos', 'Gnosis', 'Polygon', 'Fantom', 'Avalanche', 'Ethereum', 'Kava']",Dexs,41,719.0,7992.0,-26.79,-25.45,-56.84
Fenix Concentrated Liquidity,['Blast'],Dexs,37,749.0,6303.0,640.0,270.0,-31.48
Baryon Network,"['BSC', 'Ancient8', 'KUB']",Dexs,36,2949.0,4175.0,-40.98,140.0,-45.45
cytoswap,['HeLa'],Dexs,35,61.0,3185.0,,,-99.81
Soy Finance,['Callisto'],Dexs,29,356.0,1000.0,70.59,383.33,866.67
Yoshi Exchange,"['Fantom', 'BSC', 'Ethereum']",Dexs,26,126.0,5638.0,8.33,-92.72,-81.82
AlienFi,['Arbitrum'],Dexs,21,206.0,1722.0,-8.7,-51.16,-80.0
Sobal,"['Base', 'Neon']",Dexs,20,35.0,241.0,,-64.91,566.67
Elektrik,['LightLink'],Dexs,20,85.0,830.0,-9.09,25.0,
WhaleSwap,"['BSC', 'Fantom']",Dexs,19,106.0,838.0,90.0,-5.0,-66.67
SupSwap V2,['Mode'],Dexs,18,102.0,702.0,50.0,20.0,-51.35
MM Finance Arbitrum,['Arbitrum'],Dexs,16,57.0,415.0,33.33,6.67,-15.79
ViperSwap,['Harmony'],Dexs,13,1770.0,4871.0,,-92.49,-87.38
Canary,['Avalanche'],Dexs,12,59.0,823.0,50.0,50.0,-85.88
LeonicornSwap,['BSC'],Dexs,11,74.0,179.0,120.0,37.5,-15.38
Gin Finance,['Boba'],Dexs,8,189.0,1024.0,700.0,-85.71,-86.89
Nuri Legacy,['Scroll'],Dexs,7,143.0,1595.0,-46.15,-30.0,-80.56
ChampagneSwap,['BSC'],Dexs,6,35.0,134.0,-62.5,50.0,-25.0
3xcalibur,['Arbitrum'],Dexs,5,110.0,707.0,-90.91,-28.57,-68.75
Unicly,['Ethereum'],Dexs,5,200.0,5781.0,-83.33,,-99.96
MiaSwap,['Onus'],Dexs,4,70.0,87483.0,,-87.1,-99.94
PegaSys V3,['Rollux'],Dexs,4,615.0,3099.0,-99.08,,
Velocimeter V2,['Canto'],Dexs,4,25.0,221.0,,-76.47,300.0
TangleSwap,['ShimmerEVM'],Dexs,4,39.0,308.0,-77.78,,100.0
CrescentSwap,['Arbitrum'],Dexs,3,17.0,80.0,0.0,,-25.0
Metavault AMM V2,"['Scroll', 'Linea']",Dexs,3,21.0,141.0,50.0,-89.29,-40.0
ZipSwap,['Arbitrum'],Dexs,3,21.0,150.0,0.0,0.0,-62.5
Catalist DEX,['Endurance'],Dexs,3,3843.0,4925.0,-97.67,-97.79,-76.92
Moai V3,['XRPL EVM'],Dexs,3,2682.0,14435.0,-99.37,-50.0,-99.02
Subzero ZSwap,['Avalanche'],Dexs,1,2.0,11.0,,0.0,0.0
Viridian Exchange,['CORE'],Dexs,1,9.0,65.0,0.0,-50.0,0.0
Sonic Market AMM,['Sonic'],Dexs,1,24.0,81.0,,0.0,-75.0
MistSwap,['smartBCH'],Dexs,0,0.0,90.0,,,
BenSwap,"['BSC', 'smartBCH']",Dexs,0,0.0,1576.0,,,
GlowSwap,['BSquared'],Dexs,0,19220.0,240250.0,,-100.0,-100.0
zkLite Exchange,['ZKsync Lite'],Dexs,0,,,,,
SatoshiCoreSwap,['CORE'],Dexs,0,0.0,0.0,,,
Helix Markets,['ICP'],Dexs,0,,,,,
Bunni V2,"['Ethereum', 'Arbitrum', 'Base', 'Unichain', 'BSC']",Dexs,0,0.0,574813150.0,,,-100.0
Fibonacci Dex,['Form Network'],Dexs,0,,,,,
Koyo Finance,['Boba'],Dexs,0,7.0,43.0,-100.0,,-100.0
NOXA,['Abstract'],Dexs,0,12.0,12.0,-100.0,,
Archly V1,['Telos'],Dexs,0,0.0,31.0,,,
Step Exchange,['Step'],Dexs,0,,,,,
Kokonut Swap,"['Kaia', 'Polygon zkEVM', 'Base']",Dexs,0,0.0,0.0,,,
Litx,"['BSC', 'PulseChain']",Dexs,0,0.0,0.0,,,
Reax Swaps,['Mantle'],Dexs,0,,,,,
Beralis V3,['Berachain'],Dexs,0,,,,,
OpenBook,['Solana'],Dexs,0,0.0,0.0,,,
Heraswap,['Onus'],Dexs,0,0.0,48.0,,,
Umbra,['Eclipse'],Dexs,0,34719.0,957862.0,-100.0,,-100.0
Zircon Gamma,['Moonriver'],Dexs,0,,,,,
TempleDAO Trade,['Ethereum'],Dexs,0,,,,,
BlueMove DEX,['Aptos'],Dexs,0,,0.0,,,
O.LAB,['Base'],Prediction Market,0,2578200.0,17295186.0,,,-100.0
Astroport Classic,['Terra Classic'],Dexs,0,,,,,
Penumbra Dex,['Penumbra'],Dexs,0,,,,,
Forge,['Evmos'],Dexs,0,,,,,
VinuNFT,['VinuChain'],NFT Marketplace,0,0.0,0.0,,,
WagyuSwap,['Velas'],Dexs,0,0.0,0.0,,,
WingSwap,['Fantom'],Dexs,0,0.0,33.0,,,
NEBY DEX,['Oasis Sapphire'],Dexs,0,138.0,2227.0,,,-100.0
InfinityPools,['Base'],Derivatives,0,,,,,
Mantis,"['Solana', 'Ethereum']",Dexs,0,,,,,
ArtexSwap,['Artela'],Dexs,0,,,,,
Capricorn Finance,['Cube'],Dexs,0,,,,,
ZigZag,['ZKsync Lite'],Dexs,0,,,,,
CroSwap,['Cronos'],Dexs,0,,,,,
DPEX,['Polygon'],Derivatives,0,0.0,0.0,,,
ZyberSwap Stableswap,['Arbitrum'],Dexs,0,382.0,790.0,-100.0,,
Volta Markets,['CORE'],Derivatives,0,139592.0,2561385.0,,-100.0,-100.0
Synthetify,['Solana'],Synthetics,0,,,,,
Aldrin,['Solana'],Dexs,0,,,,,
Copump,"['CORE', 'Sonic', 'Sophon', 'Morph', 'Celo', 'Soneium', 'Scroll', 'Linea', 'Taiko']",Launchpad,0,0.0,0.0,,,
UniFi,"['Avalanche', 'Bittorrent', 'Tron', 'OntologyEVM', 'Harmony', 'BSC', 'Ethereum', 'Icon', 'IoTeX', 'Polygon']",Dexs,0,,,,,
Oxium,['Sei'],Dexs,0,4990156.0,39289426.0,,-100.0,-100.0
ErgoDEX,"['Cardano', 'Ergo']",Dexs,0,,,,,
VeniceSwap,['Findora'],Dexs,0,,,,,
Ashswap,['MultiversX'],Dexs,0,0.0,1635607.0,,,-100.0
Bisq,['Bitcoin'],Dexs,0,,,,,
KuSwap,['KCC'],Dexs,0,,,,,
Plenty,['Tezos'],Dexs,0,,,,,
OPX Finance,['OP Mainnet'],Derivatives,0,0.0,0.0,,,
PancakeSwap AMM V1,['BSC'],Dexs,0,,,,,
Surfswap Stable AMM,['Kava'],Dexs,0,,,,,
Clober V1,"['Ethereum', 'Polygon', 'Arbitrum', 'Polygon zkEVM']",Dexs,0,,,,,
MakiSwap,['Heco'],Dexs,0,0.0,0.0,,,
Standard Protocol Mode,['Mode'],Dexs,0,0.0,0.0,,,
Voltage V3,['Fuse'],Dexs,0,0.0,0.0,,,
MerlinSwap,['Merlin'],Dexs,0,,,,,
OpenBiSea,['DChain'],Dexs,0,0.0,61971.0,,,-100.0
Moon Swap,['Conflux'],Dexs,0,,,,,
Yodeswap,['Dogechain'],Dexs,0,,,,,
Serum,['Solana'],Dexs,0,,,,,
HiveSwap V2,['MAP Protocol'],Dexs,0,14.0,476.0,,,-100.0
JIBSWAP,['JBC'],Dexs,0,,,,,
QuipuSwap V1,['Tezos'],Dexs,0,,,,,
Lexer Markets,['Arbitrum'],Derivatives,0,0.0,0.0,,,
PonytaSwap,['Rangers'],Dexs,0,,,,,
WEMIX Full Range Deposit,['WEMIX3.0'],Dexs,0,,,,,
SithSwap,['Starknet'],Dexs,0,,,,,
Syrup Finance,['BSC'],Derivatives,0,,,,,
Maximus,['Fantom'],Dexs,0,,,,,
CherrySwap,['OKTChain'],Dexs,0,0.0,0.0,,,
MERLIN DEX,['ZKsync Era'],Dexs,0,,,,,
Tealswap V2,['Oasys'],Dexs,0,226.0,3187.0,,-100.0,
SMBSwap V3,['BSC'],Dexs,0,,,,,
PheasantSwap,['ENULS'],Dexs,0,,,,,
Swapline V1,"['Fantom', 'OP Mainnet', 'Arbitrum', 'ShimmerEVM']",Dexs,0,,,,,
Sharpe Magnum,['Ethereum'],Yield,0,0.0,0.0,,,
Degen Express,['Sonic'],Launchpad,0,35.0,10062.0,-100.0,-100.0,-100.0
Tea-Fi,"['Polygon', 'Ethereum']",Yield,0,0.0,0.0,,,
KyberSwap Elastic,"['OP Mainnet', 'Arbitrum', 'Fantom', 'Avalanche', 'BSC', 'Polygon', 'Ethereum', 'Linea', 'Base', 'Scroll']",Dexs,0,,,,,
Titan Dex,['TON'],Dexs,0,0.0,51.0,,,-100.0
Sonicxswap,['Sonic'],Dexs,0,844.0,1064.0,,,-100.0
GooseFX V2,['Solana'],Dexs,0,202.0,9794.0,-100.0,-100.0,-100.0
Mondrian Swap,['Abstract'],Dexs,0,0.0,0.0,,,
Arbitrum Exchange V3,['Arbitrum'],Dexs,0,0.0,0.0,,,
FXDX,['Base'],Derivatives,0,0.0,0.0,,,
Dexter Exchange,['Tezos'],Dexs,0,,,,,
Fathom AMM,['XDC'],Dexs,0,,,,,
Puppyfun,['BSC'],Launchpad,0,324.0,9932.0,-100.0,-100.0,
Lighter V1,['Arbitrum'],Dexs,0,,,,,
1776.MEME,['Ethereum'],Launchpad,0,0.0,4659.0,,,
CobaltX,"['Soon Network', 'svmBNB', 'soonBase']",Dexs,0,0.0,0.0,,,
FastJPEG,['Base'],Launchpad,0,98.0,1711.0,,-100.0,-100.0
BitcoinBridge.app,"['Bitcoin', 'Ethereum']",Bridge,0,,12824.0,,,-100.0
Interest Protocol Stable Swap,['Sui'],Dexs,0,4399.0,75979.0,,-100.0,-100.0
CarbonSwap,['EnergyWeb'],Dexs,0,13070.0,37646.0,,-100.0,-100.0
JSwap,['OKTChain'],Dexs,0,,,,,
MetaTdex,['Polygon'],Dexs,0,,,,,
Kaidex,['Kardia'],Dexs,0,,,,,
DefiPlaza,"['Ethereum', 'Radix']",Dexs,0,,140029.0,,,-100.0
Beezie,['Flow'],Physical TCG,0,27435.0,479430.0,,-100.0,-100.0
Auragi Finance,['Arbitrum'],Dexs,0,,,,,
Aktionariat,"['Ethereum', 'OP Mainnet', 'Polygon']",RWA,0,,,,,
Tetu Swap,['Polygon'],Yield,0,0.0,0.0,,,
AUX Exchange,['Aptos'],Dexs,0,,,,,
Wavelength DAO,['Velas'],Dexs,0,0.0,0.0,,,
Chainge Finance,['Fusion'],Dexs,0,,,,,
C3 Exchange,"['Algorand', 'Avalanche', 'Bitcoin', 'Ethereum', 'Arbitrum', 'BSC', 'Solana']",Cross Chain Bridge,0,,,,,
YFX V4,"['Arbitrum', 'Base']",Derivatives,0,,0.0,,,
Monocerus,"['Avalanche', 'Manta']",Dexs,0,0.0,0.0,,,
DX25,['MultiversX'],Dexs,0,,,,,
Primex Finance,"['Polygon', 'Arbitrum', 'Ethereum', 'Base']",Derivatives,0,0.0,2805.0,,,
CandySwap,['MEER'],Dexs,0,,36.0,,,
Tegro,"['Ethereum', 'Polygon', 'Avalanche', 'BSC', 'Arbitrum']",Dexs,0,,,,,
MM Stableswap Polygon,['Polygon'],Dexs,0,2.0,15.0,,,
Keller Finance V2,['Scroll'],Dexs,0,0.0,0.0,,,
Basin Exchange,"['Ethereum', 'Arbitrum']",Dexs,0,700.0,59817.0,,,-100.0
Physica Finance,['Planq'],Dexs,0,0.0,1953.0,,,-100.0
BladeSwap CL,['Blast'],Dexs,0,,,,,
SMBSwap V2,['BSC'],Dexs,0,1.0,22.0,-100.0,-100.0,-100.0
CryptoSwap,['BSC'],Dexs,0,0.0,0.0,,,
Ascent Exchange V1,['Horizen EON'],Dexs,0,0.0,0.0,,,
Ascent Exchange V3,['Horizen EON'],Dexs,0,0.0,0.0,,,
StarkDeFI,['Starknet'],Dexs,0,0.0,137693.0,,,-100.0
Astrolescent,['Radix'],Dexs,0,,31327.0,,,-100.0
Polkadex,['Polkadex'],Dexs,0,,,,,
Metavault AMM,['Polygon'],Dexs,0,,,,,
Orderly AMM,['Near'],Dexs,0,,,,,
Level AMM,"['BSC', 'Arbitrum']",Dexs,0,0.0,0.0,,,
FairySwap V1,['Findora'],Dexs,0,,,,,
Hydradex V2,['Hydra'],Dexs,0,,,,,
Xei Finance,['Sei'],Dexs,0,,,,,
Ape Jupiter,['Solana'],Launchpad,0,0.0,0.0,,,
Yaka V2,['Sei'],Dexs,0,4698.0,141659.0,,-100.0,-100.0
KTX spot,"['BSC', 'Mantle', 'Arbitrum']",Dexs,0,1.0,14.0,,,-100.0
Saturn Swap,['Cardano'],Dexs,0,9038.0,20710.0,-100.0,-100.0,-100.0
FWX DEX,"['Avalanche', 'Base']",Dexs,0,,,,,
OraiDEX Pool V3,['Oraichain'],Dexs,0,0.0,0.0,,,
seiyan fun,['Sei'],Launchpad,0,,,,,
SharkSwap,['SX Network'],Dexs,0,,,,,
Acala Swap,['Acala'],Dexs,0,,,,,
Morphex V2 AMM,"['Fantom', 'BSC']",Dexs,0,,,,,
Vertex AMM,"['Arbitrum', 'Mantle', 'Sei', 'Base', 'Sonic', 'Abstract', 'Avalanche']",Dexs,0,,,,,
PixelSwap (PIX),['TON'],Dexs,0,0.0,0.0,,,
Ducata,['Arbitrum'],Yield,0,0.0,0.0,,,
Standard Protocol Somnia,['Somnia'],Dexs,0,1144.0,5464.0,-100.0,-100.0,
KyberSwap Classic,"['OP Mainnet', 'Arbitrum', 'Fantom', 'Avalanche', 'BSC', 'Polygon', 'Ethereum', 'ZKsync Era', 'Linea', 'Scroll']",Dexs,0,,,,,
10KSwap,['Starknet'],Dexs,0,,523302.0,,,-100.0
El Dorado Exchange,['Arbitrum'],Dexs,0,,,,,
Mummy Finance,"['Fantom', 'OP Mainnet']",Derivatives,0,0.0,0.0,,,
mySwap V1,['Starknet'],Dexs,0,0.0,0.0,,,
ABcDeFX,"['Fantom', 'KCC', 'Kava']",Dexs,0,0.0,0.0,,,
Aqua,['Solana'],Telegram Bot,0,20010273.0,125121541.0,-100.0,-100.0,-100.0
Ryze.Fi,['Arbitrum'],Derivatives,0,,,,,
SquadSwap V3,['BSC'],Dexs,0,0.0,0.0,,,
Omnidrome,['ZetaChain'],Dexs,0,0.0,0.0,,,
Moai V2,['XRPL EVM'],Dexs,0,0.0,0.0,,,
Moraswap V3,['Neon'],Dexs,0,0.0,0.0,,,
SummitX Finance,['Camp Network'],Dexs,0,0.0,0.0,,,
Terraswap,['Terra Classic'],Dexs,0,,,,,
Econia,['Aptos'],Dexs,0,0.0,40.0,,,
AuraSwap,['Polygon'],Dexs,0,0.0,0.0,,,
Surfswap Classic,['Kava'],Dexs,0,0.0,0.0,,,
Mintiq Market,['XRPL EVM'],NFT Marketplace,0,9.0,77.0,,,
KIM Exchange V1,['Mode'],Dexs,0,,,,,
BLEX,['Arbitrum'],Derivatives,0,0.0,0.0,,,
Xena Finance,['Base'],Derivatives,0,,,,,
Spartacus Exchange,['Fantom'],Dexs,0,0.0,0.0,,,
Pearl V2,['re.al'],Dexs,0,,,,,
JediSwap V2,['Starknet'],Dexs,0,,,,,
FeeFree,"['Zora', 'Base', 'Scroll']",Dexs,0,31.0,1135.0,-100.0,-100.0,
Fjord V1,"['Ethereum', 'Polygon', 'Arbitrum']",Launchpad,0,,,,,
BXH,"['BSC', 'Ethereum', 'Avalanche']",Dexs,0,5.0,9.0,,,
Keller Finance V3,['Scroll'],Dexs,0,7.0,34.0,-100.0,,-100.0
Equation V3,['Arbitrum'],Derivatives,0,,,,,
Mangrove,"['Blast', 'Arbitrum']",Dexs,0,0.0,0.0,,,
WarpGate,['Immutable zkEVM'],Dexs,0,0.0,0.0,,,
Clober V2,"['Base', 'ZKsync Era']",Dexs,0,0.0,0.0,,,
OkieLaunch,['X Layer'],Launchpad,0,2013.0,2013.0,,,
OnePunchSwap,['BSC'],Dexs,0,,,,,
Megaton Finance,['TON'],Dexs,0,,,,,
ThalaSwap V3,['Aptos'],Dexs,0,71654.0,489227.0,,-100.0,
NLX Protocol,['CORE'],Derivatives,0,0.0,0.0,,,
Mach,"['Ethereum', 'OP Mainnet', 'Arbitrum', 'Avalanche', 'Polygon', 'Base', 'Celo', 'BSC', 'opBNB', 'Mantle', 'Scroll', 'Mode', 'Blast']",DEX Aggregator,0,0.0,0.0,,,
Cables Finance,"['Arbitrum', 'Avalanche']",Dexs,0,800752.0,4025377.0,,-100.0,
Tomb Swap,['Fantom'],Dexs,0,0.0,0.0,,,
ExinSwap,['Mixin'],Dexs,0,,,,,
OpenLeverage,"['BSC', 'KCC', 'Ethereum']",Dexs,0,,,,,
VoltSwap,['Meter'],Dexs,0,68.0,2718.0,,-100.0,-100.0
Spartan,['BSC'],Dexs,0,,,,,
RFX Exchange V1,['ZKsync Lite'],Derivatives,0,0.0,153.0,,,
GMX V1 AMM,"['Arbitrum', 'Avalanche']",Dexs,0,0.0,0.0,,,
9mm V3,"['PulseChain', 'Base', 'Sonic']",Dexs,0,0.0,0.0,,,
Kinetix AMM V3,['Kava'],Dexs,0,,84042.0,,,-100.0
Pinnako,['ZKsync Era'],Dexs,0,,,,,
AstroSwap,['Velas'],Dexs,0,0.0,0.0,,,
Hermes Protocol,['Metis'],Dexs,0,0.0,0.0,,,
UtyabSwap,['TON'],Dexs,0,,13726.0,,,-100.0
Pearl V1.5,['re.al'],Dexs,0,,,,,
KYEX,['ZetaChain'],Dexs,0,0.0,0.0,,,
V12,['Fuel Ignition'],Dexs,0,,,,,
Catton,['TON'],CDP,0,,,,,
DeepBook V2,['Sui'],Dexs,0,,,,,
dexSWAP,['Arbitrum'],Dexs,0,0.0,289.0,,,
FCON DEX,['Mantle'],Dexs,0,,,,,
Concordex,['Concordium'],Dexs,0,0.0,0.0,,,
Equity,['Fantom'],Derivatives,0,0.0,0.0,,,
zkSwap V2,"['ZKsync Era', 'Sonic']",Dexs,0,,1404699.0,,,-100.0
Hydrometer Finance,['Base'],Dexs,0,0.0,0.0,,,
Wagmi Memepad,['TON'],Launchpad,0,,,,,
SuperSwap V3,['OP Mainnet'],Dexs,0,0.0,0.0,,,
TON Pump,['TON'],Telegram Bot,0,,,,,
Sonic Market OrderBook,['Sonic'],Dexs,0,2.0,94.0,,,
Voodoo Trade Base,['Base'],Dexs,0,0.0,0.0,,,
ChimpX AI,['Linea'],Dexs,0,23.0,1437.0,-100.0,-100.0,-100.0
PlunderSwap V2,['Zilliqa'],Dexs,0,0.0,0.0,,,
Shell Protocol,['Arbitrum'],Dexs,0,,,,,
savmSwap,['SatoshiVM'],Dexs,0,,,,,
Fjord V2,"['Ethereum', 'Polygon', 'Arbitrum', 'Avalanche', 'Base', 'Blast', 'BSC']",Launchpad,0,0.0,0.0,,,
SuperSwap V2,['OP Mainnet'],Dexs,0,0.0,0.0,,,
Taraswap,['Taraxa'],Dexs,0,,577192.0,,,-100.0
Velocore V2,['Linea'],Dexs,0,1.0,2.0,-100.0,,
Chronos V2,['Arbitrum'],Dexs,0,0.0,0.0,,,
Throne V3,['Base'],Dexs,0,0.0,0.0,,,
Torch Dexs,['TON'],Dexs,0,,,,,
PegaSys V2,['Syscoin'],Dexs,0,0.0,0.0,,,
Blitz AMM,['Blast'],Dexs,0,,,,,
Predict Fun,['Blast'],Prediction Market,0,0.0,0.0,,,
Mango Markets V4 AMM,['Solana'],Dexs,0,,,,,
Pear Protocol,['Arbitrum'],Derivatives,0,,,,,
Grizzly Trade AMM,['BSC'],Dexs,0,,,,,
Morphex V1 AMM,['Fantom'],Dexs,0,,,,,
TanukiX,['Taiko'],Dexs,0,0.0,0.0,,,
XTrade,['X Layer'],Dexs,0,0.0,0.0,,,
ClaimSwap V1,['Kaia'],Dexs,0,0.0,0.0,,,
ALEX,['Stacks'],Dexs,0,,,,,
Darkness,['Cronos'],Dexs,0,32.0,2735.0,-100.0,,-100.0
Penguin,['Solana'],Dexs,0,,,,,
Humble Defi,['Algorand'],Dexs,0,,,,,
Beamex AMM,['Moonbeam'],Dexs,0,,,,,
Quickswap Hydra,"['Polygon zkEVM', 'Manta']",Dexs,0,0.0,0.0,,,-100.0
GraFun,"['BSC', 'Ethereum']",Launchpad,0,,,,,
Trado Spot,['Flow'],Dexs,0,,,,,
MITTE,['Near'],NftFi,0,,,,,
Mira Protocol,['Fuel Ignition'],Dexs,0,,,,,
Pandora Swap,['Astar'],Dexs,0,0.0,0.0,,,
LuigiSwap,['Scroll'],Dexs,0,0.0,0.0,,,
YFX,['Arbitrum'],Derivatives,0,0.0,0.0,,,
Wojak Finance,['Dogechain'],Dexs,0,0.0,0.0,,,
Kinetix Derivatives,['Kava'],Derivatives,0,,0.0,,,
Nether.Fi,['Base'],Dexs,0,,,,,
Kinetix AMM V2,"['Kava', 'Base']",Dexs,0,0.0,0.0,,,
Junoswap,['Juno'],Dexs,0,,,,,
VanSwap,['Vision'],Dexs,0,,,,,
Algofi Swap,['Algorand'],Dexs,0,,,,,
OKCSwap,['OKTChain'],Dexs,0,,,,,
Swaap Maker V1,['Polygon'],Dexs,0,,,,,
PYEswap,['BSC'],Dexs,0,0.0,0.0,,,
Danogo,['Cardano'],Dexs,0,0.0,3174.0,,,
